#{"t_start": 1620878632.2993696, "env_id": "octorotor-v0"}
r,l,t
1519.519261,1,6.838762
1519.519261,1,8.508298
1515.751775,1,10.099102
1850.646485,1,11.573085
1850.646485,1,13.046377
1697.392345,1,14.725558
1519.519261,1,16.272734
1519.519261,1,17.782227
1850.646485,1,19.23425
1850.646485,1,20.716843
1864.864778,1,22.377444
1519.519261,1,23.882909
1850.646485,1,25.386861
1519.519261,1,26.943901
1850.646485,1,28.491111
1850.646485,1,30.167574
1850.646485,1,31.841485
1854.806048,1,33.603667
1517.394346,1,35.443404
1519.519261,1,37.380589
1519.519261,1,40.042748
1824.857188,1,42.846884
1519.519261,1,45.106016
1519.519261,1,47.138183
1519.519261,1,49.171562
1851.819418,1,51.584618
1519.519261,1,53.483057
1519.519261,1,55.415102
1519.519261,1,57.664138
1850.646485,1,59.95024
1519.519261,1,61.899975
1519.519261,1,64.107712
1860.355798,1,66.178754
1850.646485,1,67.878823
1855.284268,1,69.739134
1519.519261,1,72.033455
1519.519261,1,73.751226
1850.646485,1,75.307262
1850.646485,1,76.950859
1862.748213,1,78.839085
305.935782,1,79.355958
1850.646485,1,80.982269
1850.646485,1,82.611941
1856.085544,1,84.674325
1519.519261,1,86.607713
1519.519261,1,88.551875
1519.519261,1,90.390688
1850.646485,1,92.452532
1519.519261,1,94.915625
1519.519261,1,96.836754
1519.519261,1,98.652623
1850.646485,1,100.873327
1519.519261,1,102.801848
1519.519261,1,104.751153
1519.519261,1,106.719225
1519.519261,1,109.470835
1519.519261,1,111.299192
1519.519261,1,113.176341
1850.646485,1,114.890548
1850.646485,1,116.661183
1849.354752,1,119.442958
1850.646485,1,121.21908
1852.802433,1,123.193406
1519.519261,1,125.05756
1519.519261,1,127.862703
1519.519261,1,129.837065
1850.646485,1,131.669379
1519.519261,1,133.603847
1519.519261,1,135.58255
1850.646485,1,137.384631
1519.519261,1,139.344385
1850.646485,1,141.150969
1856.784243,1,143.997647
1850.646485,1,145.806721
1850.646485,1,147.615824
1519.519261,1,149.474706
1855.199944,1,152.105396
1856.140599,1,154.231868
1519.519261,1,156.027863
1519.519261,1,157.841234
1844.394546,1,159.920289
1850.646485,1,161.516932
1519.519261,1,163.23235
1519.519261,1,164.949887
1519.519261,1,166.785189
1850.646485,1,168.592915
1519.519261,1,170.320528
1519.519261,1,172.378705
1519.519261,1,174.249639
1850.646485,1,175.902622
1519.519261,1,177.70956
1519.519261,1,179.491702
1519.519261,1,181.265494
1519.519261,1,182.99846
1519.519261,1,184.824741
1850.646485,1,187.119662
1519.519261,1,189.064364
1850.646485,1,190.900277
1835.724355,1,192.924421
1839.136443,1,195.422953
1519.519261,1,197.347331
1824.857188,1,199.337762
1519.519261,1,201.220227
1850.646485,1,203.59192
1519.519261,1,205.450497
1576.023481,1,207.38025
1844.394546,1,209.370683
1850.646485,1,211.234727
1519.519261,1,213.806186
1859.959065,1,215.811275
1519.519261,1,217.778409
1519.519261,1,219.659143
1862.407645,1,222.353141
1519.519261,1,224.2453
1850.646485,1,226.003132
1860.910304,1,228.01293
1850.646485,1,230.417351
1828.389467,1,232.494762
1519.519261,1,234.377738
1860.908984,1,236.37443
1857.957858,1,238.748563
1850.646485,1,241.089198
1519.519261,1,242.926732
1783.482345,1,244.83049
1519.519261,1,246.753352
1850.646485,1,248.940918
1852.023431,1,250.965775
1519.519261,1,252.941334
1844.394546,1,255.039791
1846.684971,1,258.00515
1519.519261,1,260.10696
1519.519261,1,262.227405
1850.646485,1,264.097087
1865.370226,1,266.892075
1519.519261,1,268.712217
1858.588848,1,270.745302
1855.478629,1,272.689593
1850.646485,1,274.54007
1519.519261,1,277.086905
1838.070208,1,279.053653
1863.456952,1,281.147066
1863.738651,1,283.225011
1850.646485,1,285.994334
1850.646485,1,287.839808
1855.610625,1,289.896697
1519.519261,1,291.91583
1847.742513,1,293.949909
1519.519261,1,296.27435
1519.519261,1,298.231589
1519.519261,1,300.222487
1860.046766,1,302.384745
1841.015536,1,305.206706
1850.646485,1,306.906115
1861.346747,1,308.899145
1519.519261,1,310.732874
1852.770182,1,312.865884
1851.561815,1,315.382651
1850.646485,1,317.218185
1807.130249,1,319.257516
1519.519261,1,321.222439
1853.056179,1,323.970993
1857.736059,1,325.985986
1519.463346,1,327.907527
1706.590565,1,329.797636
1708.124254,1,332.407379
1519.519261,1,334.3042
1863.051052,1,336.185763
1850.646485,1,337.895319
1850.646485,1,339.852942
1519.519261,1,342.256443
1688.782039,1,344.264411
287.165732,1,344.816744
1519.519261,1,346.763456
1854.054967,1,348.824735
1860.915561,1,351.615525
1852.968704,1,353.791938
1519.519261,1,355.783413
1844.394546,1,357.870139
1519.519261,1,360.140913
1850.646485,1,362.358297
1811.860301,1,364.452452
1519.519261,1,366.365501
1853.303384,1,368.445131
1519.519261,1,371.293118
1850.646485,1,373.14871
1861.024563,1,375.307683
1677.450364,1,377.510183
1519.519261,1,380.216882
1519.519261,1,382.147363
1861.244454,1,384.242499
1845.365034,1,386.191545
1859.517925,1,388.952133
1861.146656,1,390.836228
1783.482345,1,392.65448
1863.463253,1,394.512705
1861.748376,1,396.730108
1519.519261,1,398.722273
1862.136023,1,400.84096
1850.646485,1,402.746968
1863.307691,1,405.011443
1519.519261,1,407.503437
1814.487856,1,409.595824
1867.931475,1,411.683721
1836.059488,1,413.570548
1850.646485,1,416.001286
1844.394546,1,418.135292
1849.332355,1,420.112606
1850.646485,1,421.829073
1837.676136,1,424.541161
1850.646485,1,426.235146
1857.682305,1,428.187974
1850.646485,1,429.924189
1519.519261,1,431.858711
1844.394546,1,434.47628
1850.646485,1,436.378531
1519.519261,1,438.567425
1519.519261,1,440.595062
1847.624034,1,443.231266
1845.295467,1,445.308877
1851.234747,1,447.356111
1643.594538,1,449.473662
1850.646485,1,451.830539
1783.482345,1,453.780449
1860.837053,1,455.807435
1850.646485,1,457.64266
1860.837352,1,460.430409
1519.519261,1,462.432532
1519.519261,1,464.442383
1863.315156,1,466.559171
1842.055328,1,468.767149
1519.519261,1,471.475878
1519.519261,1,473.40183
1824.857188,1,475.454025
1519.519261,1,477.453417
1850.646485,1,480.129882
1596.902455,1,482.188809
1519.519261,1,484.209656
1783.482345,1,486.134414
1739.99106,1,488.615285
1550.797091,1,490.966186
1864.650828,1,493.108966
1853.200797,1,495.12128
1519.519261,1,497.099076
1516.695381,1,499.564181
1851.242981,1,501.654482
1519.519261,1,503.668436
1850.646485,1,505.51311
1850.646485,1,507.994768
1856.682924,1,510.006514
1844.394546,1,512.003068
1719.333571,1,514.003047
1733.952336,1,515.919032
1519.519261,1,517.755121
1519.519261,1,519.611705
1850.646485,1,521.385137
1850.646485,1,523.161829
1850.646485,1,524.899355
1856.054744,1,526.824797
1545.869557,1,528.691514
1676.415786,1,530.560238
1519.519261,1,532.448526
1519.519261,1,534.279113
1859.158255,1,536.233229
1859.068426,1,538.031734
1519.519261,1,539.785482
1865.995056,1,541.966679
1847.803468,1,544.022041
1519.519261,1,545.793747
1519.519261,1,547.504105
1862.253358,1,549.875879
1519.519261,1,551.641957
1519.519261,1,553.410078
1406.117579,1,555.158909
1850.646485,1,556.763275
1484.016326,1,558.488635
1845.886689,1,560.479012
1850.646485,1,562.646775
1850.646485,1,564.257105
1783.482345,1,566.105305
1852.257906,1,567.898719
1844.394546,1,570.019488
1519.519261,1,571.805988
1798.595423,1,573.686483
1528.065896,1,575.575472
1850.646485,1,577.590313
1850.646485,1,579.275838
1850.646485,1,580.885914
1856.58126,1,582.748226
1519.519261,1,584.560686
1842.003445,1,586.340931
1823.944173,1,588.046057
1864.403978,1,590.089565
1859.247053,1,592.067785
1519.519261,1,593.731995
1519.519261,1,595.390247
1519.519261,1,597.552877
1853.657084,1,599.337621
1859.783579,1,601.38209
1864.99879,1,603.368401
1519.519261,1,605.72722
1851.334877,1,608.085766
1858.126622,1,610.098346
1775.264793,1,612.033973
1519.519261,1,614.146694
1519.519261,1,616.713158
1519.519261,1,618.568359
1519.519261,1,620.352404
1519.519261,1,622.215697
1704.024736,1,624.687601
1850.646485,1,626.491292
1850.646485,1,628.350564
1783.482345,1,630.326863
1783.482345,1,633.15115
1498.662054,1,635.034619
1860.420126,1,636.969673
1519.519261,1,638.77283
1844.394546,1,640.594874
1858.095045,1,642.38509
1533.382824,1,644.136648
1519.519261,1,645.869411
1850.646485,1,647.569309
1864.219763,1,649.515592
1519.519261,1,651.234059
1848.682194,1,653.116606
1863.999473,1,655.080914
1519.519261,1,656.951978
1850.646485,1,658.638473
1519.519261,1,660.493131
1837.34002,1,663.519445
1519.519261,1,665.295051
1848.537976,1,667.144368
1844.394546,1,669.081465
1850.646485,1,670.667728
1519.519261,1,672.368506
1519.519261,1,674.079175
1519.519261,1,675.842726
1519.519261,1,677.529324
1862.469136,1,679.294942
1850.646485,1,680.920101
1857.253528,1,682.715814
1849.345703,1,684.581714
1519.519261,1,686.531699
1807.108003,1,688.941706
1519.519261,1,690.861806
1853.250014,1,692.828143
1589.879665,1,694.786452
1828.389467,1,697.656946
1850.646485,1,699.439836
1865.751947,1,701.449124
1519.519261,1,703.408776
1852.98022,1,706.399656
1860.137611,1,708.445297
1844.394546,1,710.496192
1850.82713,1,712.573127
1519.519261,1,715.257429
1794.746548,1,717.300126
1837.364495,1,719.106543
1861.342218,1,721.119348
1850.646485,1,722.917807
1850.646485,1,725.345209
1854.445169,1,727.4444
1844.394546,1,729.540906
1844.394546,1,731.609046
1519.519261,1,734.268506
1519.519261,1,736.229915
1839.138456,1,738.247344
1798.795994,1,740.295302
1852.232342,1,742.488644
1783.482345,1,744.430334
1519.519261,1,746.302939
1850.646485,1,748.230756
1850.646485,1,749.974097
1519.519261,1,751.845013
1854.098129,1,753.811885
1850.646485,1,755.665199
1855.242248,1,757.670271
1519.519261,1,759.475739
260.767911,1,759.979509
1857.715393,1,761.941862
1592.107662,1,764.626606
1851.501021,1,766.63517
1519.519261,1,768.471768
1686.138701,1,770.339491
1824.857188,1,773.081944
1851.592951,1,774.982582
1850.646485,1,776.776567
1783.482345,1,778.644828
1519.519261,1,780.617903
1850.646485,1,782.890061
1519.519261,1,784.681108
1850.646485,1,786.439718
1850.646485,1,788.151973
1519.519261,1,790.858801
1519.519261,1,792.525732
1519.519261,1,794.154175
1859.51635,1,795.973548
1783.482345,1,797.866781
1846.754418,1,799.897318
1850.646485,1,801.654183
1783.482345,1,803.567573
1519.519261,1,806.459166
1850.646485,1,808.171719
1519.519261,1,810.071528
1850.733502,1,812.034424
1858.364239,1,814.158183
1850.646485,1,815.901295
1608.021014,1,817.761414
1844.394546,1,819.821556
1850.646485,1,822.05062
1856.439224,1,823.869256
1857.731033,1,825.8992
1850.646485,1,827.663631
1519.519261,1,830.298146
1844.394546,1,832.141425
1862.726706,1,833.938408
1783.482345,1,836.070997
1850.646485,1,837.932785
1850.646485,1,839.718683
1783.482345,1,841.718053
1668.706619,1,843.682662
1519.519261,1,846.389834
1458.4406,1,848.281415
1519.519261,1,850.207585
1519.519261,1,852.115997
1519.519261,1,854.551284
1850.646485,1,856.596225
1858.451156,1,858.649336
1519.519261,1,860.486425
1837.622148,1,862.343342
1844.394546,1,864.322268
1856.176297,1,866.372529
1852.903243,1,868.33997
1519.519261,1,870.462505
1850.646485,1,872.177507
1850.646485,1,873.839796
1519.519261,1,875.847194
1784.528282,1,877.753187
1783.482345,1,879.683719
1855.3121,1,881.628239
1850.646485,1,883.389119
1844.394546,1,886.116131
1850.646485,1,887.915099
1854.129266,1,889.881112
1850.646485,1,891.67009
1483.233393,1,894.355364
1850.646485,1,896.197378
1850.646485,1,897.997654
1533.837975,1,899.910851
1558.009495,1,902.266569
1844.394546,1,904.613479
1850.646485,1,906.309916
1861.073965,1,908.119289
1519.519261,1,909.879317
1715.288881,1,911.679117
1636.538992,1,913.441277
1850.646485,1,915.191752
1850.646485,1,916.731321
1850.646485,1,918.356426
1519.519261,1,920.208723
1850.074058,1,922.30775
1847.16058,1,924.20146
1810.983237,1,926.166775
1519.519261,1,928.002568
1450.911075,1,929.85815
1791.27763,1,932.313648
1850.646485,1,934.055064
1850.646485,1,935.825981
1842.17767,1,937.968474
1844.394546,1,939.928647
1519.519261,1,941.798668
1844.394546,1,943.931012
1861.914307,1,945.924538
1864.474139,1,947.885787
1852.927941,1,949.816043
1519.519261,1,951.693906
1783.482345,1,954.590461
1787.80245,1,956.502943
1519.519261,1,958.300713
1850.646485,1,959.997434
1860.163783,1,962.029861
1519.519261,1,964.00974
310.743936,1,964.694719
1851.904069,1,966.702449
1859.02846,1,968.763753
1519.519261,1,971.267837
1850.646485,1,973.192446
1846.634597,1,975.218991
1850.646485,1,976.985358
1519.519261,1,979.589338
1838.696489,1,981.532902
1519.519261,1,983.529167
1519.519261,1,985.510738
1783.482345,1,988.252412
1519.519261,1,990.123325
1844.394546,1,992.169398
1519.519261,1,994.118527
1850.646485,1,996.145935
1836.94965,1,998.481373
1519.519261,1,1000.203275
1422.56052,1,1002.044989
1394.347647,1,1004.230406
1519.519261,1,1006.02006
1840.594496,1,1008.044282
1851.884126,1,1009.91992
1519.519261,1,1011.724264
1826.063759,1,1013.975713
1849.438811,1,1015.925243
1442.44813,1,1017.750411
1810.692337,1,1019.775784
1824.857188,1,1021.744732
1519.519261,1,1023.716308
1519.519261,1,1025.4309
1861.003448,1,1027.580644
1863.398063,1,1029.605967
1844.394546,1,1031.608122
1850.646485,1,1033.479721
1850.646485,1,1036.044388
1536.403268,1,1037.939273
1690.375131,1,1039.839303
1696.806077,1,1041.603729
1519.519261,1,1043.458628
1783.482345,1,1045.161093
1780.02491,1,1046.903448
1844.394546,1,1048.811199
1859.071533,1,1050.584006
1519.519261,1,1052.493979
1519.519261,1,1054.371162
1519.519261,1,1056.418389
1850.646485,1,1058.224865
1519.519261,1,1060.139873
1550.108924,1,1062.053178
1850.646485,1,1064.755988
1844.394546,1,1066.775074
1837.843396,1,1068.795325
1783.482345,1,1070.794454
1850.646485,1,1072.75965
1850.646485,1,1074.506302
1519.519261,1,1076.285156
1844.394546,1,1078.220225
1519.519261,1,1080.115232
1866.705614,1,1082.165783
1519.519261,1,1084.084669
1783.482345,1,1086.252403
1783.482345,1,1088.729612
1850.92601,1,1090.715689
1751.492295,1,1092.74228
1846.467854,1,1094.663725
1783.482345,1,1097.348027
1782.132714,1,1099.320497
1856.843409,1,1101.365911
1859.843865,1,1103.454674
1862.891473,1,1106.213592
1519.519261,1,1108.162806
1519.519261,1,1110.128781
1844.394546,1,1112.235954
1748.89633,1,1114.416815
1519.519261,1,1116.799058
1862.114083,1,1118.846547
1583.647828,1,1120.840785
1860.355629,1,1122.900141
1519.519261,1,1125.524993
1519.519261,1,1127.403588
1850.646485,1,1129.239302
1519.519261,1,1131.192419
1655.553403,1,1133.720044
1795.961313,1,1136.123523
1519.519261,1,1138.072559
1844.394546,1,1140.019442
1783.482345,1,1141.966194
1864.976863,1,1143.952548
300.014207,1,1144.638268
1795.252643,1,1146.71023
1846.86191,1,1148.890627
1735.923119,1,1151.5856
1860.934371,1,1153.489083
1650.080461,1,1155.44307
1783.482345,1,1157.634564
1850.646485,1,1159.335538
1844.394546,1,1161.253191
1519.519261,1,1163.088551
1603.329865,1,1165.069421
1519.519261,1,1167.043152
1519.519261,1,1168.944394
1850.646485,1,1170.677393
1850.646485,1,1172.436993
1852.125446,1,1174.349097
1854.765204,1,1176.287079
1857.869854,1,1178.249026
1851.633441,1,1180.223783
1856.631573,1,1182.126191
1850.646485,1,1184.073987
1624.819601,1,1186.720555
1844.394546,1,1189.286583
1852.298734,1,1191.591933
1519.519261,1,1193.556358
1850.901544,1,1195.628284
1850.646485,1,1197.721968
1844.394546,1,1200.095404
1824.857188,1,1202.122702
1703.879608,1,1204.043786
1850.646485,1,1206.895896
1864.204078,1,1209.19492
1850.646485,1,1211.239759
1519.519261,1,1214.010242
1519.519261,1,1216.054126
1854.930744,1,1218.321533
1519.519261,1,1220.457975
1844.394546,1,1222.683742
1844.394546,1,1224.837442
1783.482345,1,1226.8658
1586.063247,1,1229.034032
1800.339041,1,1231.12789
1519.519261,1,1233.016902
1852.561793,1,1234.984527
1850.646485,1,1236.967175
1716.022212,1,1239.091396
1850.646485,1,1240.907712
1601.904008,1,1242.856569
1850.646485,1,1244.97596
1850.646485,1,1246.921032
1858.550201,1,1249.024686
1810.090773,1,1250.998706
1841.105705,1,1253.066464
1580.00943,1,1255.073503
1783.482345,1,1257.069134
1519.519261,1,1259.116802
1844.394546,1,1261.84048
1837.899421,1,1264.094677
1850.646485,1,1266.030605
1519.519261,1,1268.065522
1519.519261,1,1270.262282
1783.482345,1,1272.391336
1519.519261,1,1274.325716
1860.170366,1,1276.446936
1519.519261,1,1278.442371
1828.941187,1,1280.684075
1858.390661,1,1283.111864
1580.962313,1,1285.089127
1519.519261,1,1287.026702
1783.482345,1,1289.302005
1519.519261,1,1291.612504
1479.454422,1,1293.766487
1850.646485,1,1295.731885
1839.694242,1,1298.736171
1783.482345,1,1301.007853
1850.646485,1,1303.208967
1542.411564,1,1305.228729
1850.646485,1,1307.063888
1850.646485,1,1309.042566
1816.06837,1,1311.541626
1527.048305,1,1314.147896
1457.701531,1,1316.30776
1783.482345,1,1318.520154
290.970582,1,1319.209649
1763.703229,1,1321.686839
1841.885691,1,1324.045903
1783.482345,1,1326.194899
1850.646485,1,1328.664681
1519.519261,1,1330.789119
1519.519261,1,1332.921121
1519.519261,1,1335.199637
1847.845778,1,1337.477647
1637.924082,1,1339.677105
1844.394546,1,1341.95964
1844.394546,1,1345.142397
1854.516931,1,1347.469627
1783.482345,1,1349.863358
1853.73266,1,1353.298488
1858.034215,1,1355.475043
1783.482345,1,1357.661215
1687.929465,1,1360.359596
1847.20238,1,1362.443351
1844.394546,1,1364.57914
1581.077189,1,1366.731132
1846.491575,1,1368.781375
1726.709342,1,1370.811516
1850.646485,1,1372.870333
1860.028327,1,1375.68871
1783.482345,1,1377.893482
1850.646485,1,1380.285604
1844.394546,1,1382.364491
1783.482345,1,1384.305055
1862.480959,1,1387.088106
1844.394546,1,1389.279332
1667.459426,1,1391.829359
1844.394546,1,1394.804264
1844.394546,1,1397.123913
1844.394546,1,1399.294822
1558.546651,1,1401.455865
1642.722091,1,1403.640135
1844.394546,1,1405.916363
1783.482345,1,1408.353193
1408.197097,1,1410.384929
1783.482345,1,1412.660331
1519.519261,1,1414.906315
1863.10089,1,1417.448441
1783.482345,1,1419.626205
1844.394546,1,1423.085351
1814.28933,1,1425.481203
1519.519261,1,1427.627607
1519.519261,1,1429.745169
1848.23021,1,1432.848209
1519.519261,1,1434.883973
1732.868394,1,1437.047886
1783.482345,1,1439.229004
1519.519261,1,1441.325434
1459.446552,1,1443.601947
1519.519261,1,1446.04068
1783.482345,1,1447.982447
1519.519261,1,1450.361113
1783.482345,1,1452.630078
1844.394546,1,1454.852021
1844.394546,1,1457.190166
1844.394546,1,1459.346377
1783.482345,1,1461.86698
1858.984633,1,1464.184571
1514.525047,1,1466.144359
286.059158,1,1467.195902
1783.482345,1,1469.437517
1519.519261,1,1471.787891
1843.059054,1,1474.953559
1850.646485,1,1476.908483
1783.482345,1,1479.22934
1783.482345,1,1482.055794
1844.394546,1,1485.903585
1787.361499,1,1488.653813
1816.176953,1,1491.105649
1844.394546,1,1493.481601
1844.394546,1,1495.936552
1844.394546,1,1498.081336
1844.394546,1,1500.663831
1519.519261,1,1503.191375
1844.394546,1,1505.388951
1579.648444,1,1507.813221
1519.519261,1,1511.095518
1850.646485,1,1513.156139
1783.482345,1,1515.352066
1850.646485,1,1517.461036
1838.530242,1,1519.824888
1845.175332,1,1522.18741
1808.291028,1,1525.085245
1844.394546,1,1527.18801
1651.17875,1,1529.191556
1783.482345,1,1531.275545
1783.482345,1,1533.398958
1844.394546,1,1535.698979
1861.768964,1,1538.131143
1860.689262,1,1540.426229
1862.458435,1,1542.527025
1519.519261,1,1545.042897
1844.394546,1,1547.369467
1851.008345,1,1549.658483
1783.482345,1,1552.024034
1854.776674,1,1554.20858
1850.150622,1,1556.497759
285.107245,1,1557.170481
1781.476741,1,1559.499373
1863.261004,1,1561.522719
1844.394546,1,1563.511597
1783.482345,1,1565.713202
1844.394546,1,1568.11195
1849.754869,1,1570.391857
1828.389467,1,1572.770825
1731.535016,1,1575.000227
1805.651102,1,1577.250203
1844.394546,1,1580.667388
1519.519261,1,1582.618507
1783.482345,1,1584.60714
1844.394546,1,1586.763913
1851.025063,1,1589.137595
1493.061065,1,1591.378339
1824.857188,1,1593.600489
1783.482345,1,1597.386407
1845.231412,1,1599.642227
1519.519261,1,1602.079159
1783.482345,1,1604.576395
1446.544206,1,1606.754479
1844.394546,1,1609.184966
1783.482345,1,1611.711394
1519.519261,1,1614.016693
1850.646485,1,1616.521184
1841.418706,1,1619.017251
1519.519261,1,1620.956004
1783.482345,1,1622.881313
1783.482345,1,1625.139563
1852.0202,1,1627.500116
1753.327183,1,1629.686935
1783.482345,1,1632.021592
1758.529565,1,1634.296968
1783.482345,1,1636.549725
1783.482345,1,1639.20264
1783.482345,1,1641.198333
1844.394546,1,1643.404495
1783.482345,1,1645.703661
1783.482345,1,1647.915274
1844.394546,1,1650.31846
1844.394546,1,1652.714122
1783.482345,1,1654.767703
1792.166268,1,1656.869763
1851.929712,1,1659.479433
1816.560524,1,1661.844731
1858.255138,1,1663.95533
1783.482345,1,1666.203382
1783.482345,1,1668.494859
1519.519261,1,1670.667525
1783.482345,1,1672.994044
1844.394546,1,1676.313801
1783.482345,1,1678.306103
1804.094423,1,1680.436422
1859.391718,1,1682.988177
1745.354372,1,1685.081241
1858.613105,1,1687.185251
1865.784824,1,1689.424874
1844.394546,1,1691.51714
1783.482345,1,1693.611122
1844.394546,1,1696.066022
1783.482345,1,1698.240044
1852.094923,1,1700.411614
1638.318051,1,1703.034266
1783.482345,1,1705.159064
1844.394546,1,1707.33664
1783.482345,1,1709.821943
1783.482345,1,1711.965379
1844.394546,1,1714.162046
1844.394546,1,1716.895214
1850.646485,1,1719.070918
1783.482345,1,1721.421988
1844.394546,1,1724.006796
1844.394546,1,1726.383687
1783.482345,1,1728.65511
1851.81594,1,1731.174448
1844.394546,1,1733.419066
1844.394546,1,1735.678258
1783.482345,1,1738.131605
1716.650751,1,1740.312463
1783.482345,1,1742.423355
1783.482345,1,1744.511666
279.846026,1,1745.051051
1783.482345,1,1747.376077
1519.519261,1,1749.37298
1844.394546,1,1752.004541
1783.482345,1,1754.477056
1844.394546,1,1756.644146
1850.646485,1,1758.567708
1844.394546,1,1760.596852
1844.394546,1,1762.726393
1519.519261,1,1764.648663
1783.482345,1,1766.738475
1783.482345,1,1768.80823
1844.394546,1,1770.702258
1849.266553,1,1772.750145
1783.482345,1,1775.050253
1783.482345,1,1777.039322
1858.925174,1,1778.960998
1844.394546,1,1781.12467
1526.835855,1,1783.121814
1783.482345,1,1785.174114
1783.482345,1,1787.194551
1850.646485,1,1789.063154
1844.394546,1,1791.180905
269.796739,1,1791.774802
1783.482345,1,1793.690358
1844.394546,1,1795.819167
1846.823895,1,1797.682748
1844.394546,1,1799.704065
1844.394546,1,1801.829851
1844.394546,1,1803.821787
1861.300465,1,1806.394947
1783.482345,1,1808.456219
1783.482345,1,1810.330653
1494.762998,1,1812.396331
1700.540882,1,1814.543405
1844.394546,1,1816.863076
1657.217315,1,1819.158321
1846.78256,1,1821.224873
1850.646485,1,1822.860625
1864.552676,1,1824.887469
1783.482345,1,1826.898642
1701.148934,1,1828.836437
1844.394546,1,1831.225364
1783.482345,1,1833.1374
1519.519261,1,1834.882016
1783.482345,1,1836.842507
1783.482345,1,1839.032878
1844.394546,1,1840.909396
1844.394546,1,1842.797519
1599.681869,1,1844.986885
1844.394546,1,1846.832211
1783.482345,1,1848.71885
1844.394546,1,1850.584306
1783.482345,1,1852.994691
1783.482345,1,1854.853727
1561.356719,1,1856.707956
1846.245299,1,1858.998166
1732.604363,1,1860.846173
1844.394546,1,1862.727905
1783.482345,1,1864.496569
1844.394546,1,1866.405071
1783.482345,1,1868.236873
1783.482345,1,1870.129362
1855.258195,1,1872.194717
1844.394546,1,1874.106104
1844.394546,1,1875.97013
1849.70175,1,1877.722629
1844.394546,1,1879.679738
1783.482345,1,1881.906437
1844.394546,1,1884.025494
1667.494215,1,1886.089919
1779.465448,1,1888.719739
1783.482345,1,1890.876141
1783.482345,1,1892.843278
1783.482345,1,1895.442841
1844.394546,1,1898.269294
1844.394546,1,1900.851527
1844.394546,1,1902.830039
1558.674242,1,1905.071589
1844.394546,1,1907.123263
1783.482345,1,1909.048182
1844.394546,1,1910.940848
1745.961966,1,1912.841074
1783.482345,1,1914.867366
1726.240155,1,1916.855803
1844.394546,1,1918.829728
1519.519261,1,1920.915217
1844.394546,1,1922.91611
1783.482345,1,1925.118503
1783.482345,1,1927.288858
1783.482345,1,1929.294125
1783.482345,1,1931.038815
1783.482345,1,1932.894781
1659.373591,1,1934.916177
1783.482345,1,1936.902337
1844.394546,1,1938.902925
1783.482345,1,1940.899637
1610.020827,1,1942.982036
1783.482345,1,1944.820777
1844.394546,1,1946.721446
1851.234717,1,1948.590553
1844.394546,1,1950.513104
1858.0377,1,1952.585468
1844.394546,1,1954.607371
1783.482345,1,1956.527893
1844.394546,1,1958.939987
1844.394546,1,1960.840653
1783.482345,1,1962.722618
1576.5429,1,1964.728253
1844.394546,1,1966.622067
1421.558502,1,1968.450433
1844.394546,1,1970.293928
1844.394546,1,1972.082664
1783.482345,1,1974.037272
1529.215825,1,1976.200558
1852.726165,1,1978.235284
1844.394546,1,1980.426572
1844.394546,1,1982.731333
1783.482345,1,1984.700608
1844.394546,1,1986.97481
1783.482345,1,1989.272452
1783.482345,1,1991.406831
1783.482345,1,1993.793419
1783.482345,1,1995.971912
1783.482345,1,1998.281067
1844.394546,1,2000.440094
1844.394546,1,2002.472142
1844.394546,1,2004.517542
1844.394546,1,2006.858376
1783.482345,1,2008.893021
1844.394546,1,2010.929983
1844.394546,1,2013.042969
1844.394546,1,2014.886691
1844.394546,1,2016.92089
1783.482345,1,2018.807371
1844.394546,1,2020.744848
1783.482345,1,2022.741439
1844.394546,1,2024.7406
1783.482345,1,2026.778967
1783.482345,1,2028.662832
1555.136996,1,2030.451218
1844.394546,1,2032.513751
1844.394546,1,2034.538013
1783.482345,1,2036.604815
1844.394546,1,2038.525948
1844.394546,1,2040.515015
1783.482345,1,2042.56595
1844.394546,1,2044.409719
1862.971302,1,2046.341624
1783.482345,1,2048.484749
1844.394546,1,2050.574203
1783.482345,1,2052.512321
1783.482345,1,2054.449311
1783.482345,1,2056.575629
1783.482345,1,2058.644579
1783.482345,1,2060.634392
1863.09011,1,2062.700122
1844.394546,1,2065.028867
1766.750646,1,2066.946735
1783.482345,1,2068.839919
1844.394546,1,2070.785557
1844.394546,1,2072.719723
1783.482345,1,2074.531687
1783.482345,1,2076.553566
1844.394546,1,2078.511169
1862.050179,1,2080.494784
1844.394546,1,2082.52567
1783.482345,1,2084.437762
1783.482345,1,2086.494058
1783.482345,1,2088.435387
1783.482345,1,2090.527466
1783.482345,1,2092.730803
1783.482345,1,2094.908982
1783.482345,1,2096.886248
1783.482345,1,2098.805749
1844.394546,1,2101.082717
1783.482345,1,2103.232356
1844.394546,1,2105.419638
1783.482345,1,2107.668061
1844.394546,1,2109.980498
1844.394546,1,2112.225568
1783.482345,1,2114.442086
1783.482345,1,2116.678754
1844.394546,1,2119.180767
1783.482345,1,2121.405013
1844.394546,1,2123.721279
1783.482345,1,2125.820803
1844.394546,1,2128.125179
1783.482345,1,2130.187556
1783.482345,1,2132.395574
1783.482345,1,2134.161222
1844.394546,1,2136.583193
1783.482345,1,2138.592784
1844.394546,1,2140.796255
1844.394546,1,2143.210201
1783.482345,1,2145.463581
1844.394546,1,2147.501154
1783.482345,1,2149.569165
1844.394546,1,2151.712566
1783.482345,1,2153.768945
1844.394546,1,2155.798377
1844.394546,1,2158.142244
1859.434215,1,2160.851104
1783.482345,1,2163.246642
1783.482345,1,2165.838393
1783.482345,1,2168.006603
1783.482345,1,2170.571668
1844.394546,1,2172.544122
1783.482345,1,2174.387934
1844.394546,1,2176.571455
1783.482345,1,2179.01651
1783.482345,1,2181.076164
1844.394546,1,2183.075893
1783.482345,1,2185.16875
1783.482345,1,2187.671276
1855.314378,1,2189.809317
1844.394546,1,2191.966457
1844.394546,1,2193.979193
1783.482345,1,2196.025276
1844.394546,1,2198.136606
1835.402162,1,2200.236608
1783.482345,1,2202.387827
1783.482345,1,2204.313493
1783.482345,1,2206.526525
1783.482345,1,2208.536322
1818.372134,1,2210.607623
1844.394546,1,2212.636224
1783.482345,1,2214.776649
1783.482345,1,2216.844983
1783.482345,1,2218.710934
1844.394546,1,2220.605586
1783.482345,1,2222.463558
1844.394546,1,2224.386597
1783.482345,1,2226.39744
1844.394546,1,2228.40482
1783.482345,1,2230.308248
1844.394546,1,2232.2707
1844.394546,1,2234.234218
1844.394546,1,2236.251632
1783.482345,1,2238.24183
1844.394546,1,2240.21626
1844.394546,1,2242.2712
1783.482345,1,2244.190763
1844.394546,1,2246.218251
1844.394546,1,2248.34008
1844.394546,1,2250.57915
1783.482345,1,2252.540258
1783.482345,1,2254.569576
1856.863915,1,2256.675228
1783.482345,1,2258.638207
1783.482345,1,2260.659566
1783.482345,1,2262.735632
1844.394546,1,2264.716178
1845.980838,1,2266.82525
1783.482345,1,2268.820129
1783.482345,1,2270.798792
1844.394546,1,2272.846861
1844.394546,1,2274.86776
1844.394546,1,2276.930451
1844.394546,1,2278.929108
1844.394546,1,2280.985678
1844.394546,1,2283.041989
1844.394546,1,2285.167032
1844.394546,1,2287.46513
1844.394546,1,2289.476762
1783.482345,1,2291.603482
1844.394546,1,2293.631671
1783.482345,1,2295.703571
1783.482345,1,2298.007488
1844.394546,1,2300.112039
1844.394546,1,2302.134353
1844.394546,1,2304.146661
1783.482345,1,2306.116437
1783.482345,1,2308.133035
1844.394546,1,2310.062708
1844.394546,1,2311.92482
1783.482345,1,2313.730427
1844.394546,1,2315.605285
1844.394546,1,2317.605986
1844.394546,1,2319.471808
1844.394546,1,2322.300776
1844.394546,1,2324.337736
1783.482345,1,2326.26195
1844.394546,1,2328.25349
1844.394546,1,2330.12954
1847.835797,1,2332.005673
1844.394546,1,2333.952462
1783.482345,1,2335.900798
1783.482345,1,2337.908606
1783.482345,1,2339.8406
1844.394546,1,2341.955369
1783.482345,1,2343.888447
1783.482345,1,2345.868726
1844.394546,1,2348.213692
1783.482345,1,2350.272379
1783.482345,1,2352.164837
1783.482345,1,2354.021315
1844.394546,1,2355.917274
1783.482345,1,2357.956454
1844.394546,1,2360.031773
1844.394546,1,2362.062011
1783.482345,1,2363.904385
1844.394546,1,2365.909588
1783.482345,1,2367.979562
1844.394546,1,2370.059986
1783.482345,1,2372.008909
1844.394546,1,2374.080336
1783.482345,1,2376.128948
1783.482345,1,2378.247914
1783.482345,1,2380.258976
1844.394546,1,2382.543268
1828.389467,1,2384.652178
1783.482345,1,2386.69149
1848.838655,1,2388.720836
1844.394546,1,2390.745202
1844.394546,1,2392.917311
1783.482345,1,2395.341909
1844.394546,1,2398.343126
1783.482345,1,2400.998464
1844.394546,1,2402.898804
1783.482345,1,2404.806912
1783.482345,1,2406.789955
1844.394546,1,2408.989903
1783.482345,1,2411.553224
1844.394546,1,2413.661715
1844.394546,1,2416.061766
1783.482345,1,2418.213397
1783.482345,1,2420.289491
1783.482345,1,2422.472378
1783.482345,1,2424.406312
1846.652808,1,2426.24228
1783.482345,1,2428.202835
1783.482345,1,2430.027795
1783.482345,1,2431.917229
1844.394546,1,2433.757519
1783.482345,1,2435.602197
1783.482345,1,2437.344795
1844.394546,1,2439.046961
1783.482345,1,2440.829569
1844.394546,1,2442.523573
1783.482345,1,2444.258292
1844.394546,1,2446.216534
1844.394546,1,2448.240089
1844.394546,1,2450.310196
1844.394546,1,2452.378409
1844.394546,1,2454.593241
1783.482345,1,2456.43602
1783.482345,1,2458.407706
1783.482345,1,2460.703717
1783.482345,1,2462.794171
1844.394546,1,2465.154461
1783.482345,1,2467.611082
1844.394546,1,2470.115939
1844.394546,1,2472.241183
1844.394546,1,2474.200488
1844.394546,1,2476.290756
1844.394546,1,2478.158592
1783.482345,1,2480.100013
1783.482345,1,2482.420911
1783.482345,1,2484.330887
1783.482345,1,2486.469577
1844.394546,1,2488.506859
1844.394546,1,2490.514418
1783.482345,1,2492.871717
1844.394546,1,2495.00131
1844.394546,1,2497.390626
1783.482345,1,2499.681293
1844.394546,1,2501.945849
1783.482345,1,2504.504837
1844.394546,1,2506.797564
1844.394546,1,2509.226286
1844.394546,1,2511.237514
1783.482345,1,2513.255655
1844.394546,1,2515.349875
1844.394546,1,2517.335509
1844.394546,1,2519.424918
1783.482345,1,2521.459108
1844.394546,1,2523.380974
1844.394546,1,2525.430563
1844.394546,1,2527.368278
1783.482345,1,2529.27534
1783.482345,1,2531.143624
1844.394546,1,2533.099605
1783.482345,1,2534.976546
1783.482345,1,2536.863931
1783.482345,1,2538.741636
1844.394546,1,2540.697243
1844.394546,1,2542.544778
1844.394546,1,2544.519753
1844.394546,1,2546.588165
1783.482345,1,2548.541154
1783.482345,1,2550.594984
1783.482345,1,2552.49228
1844.394546,1,2554.559358
1783.482345,1,2556.604952
1844.394546,1,2558.558658
1844.394546,1,2560.423085
1783.482345,1,2562.237623
1844.394546,1,2564.260382
1783.482345,1,2566.205
1783.482345,1,2568.141676
1844.394546,1,2570.108792
1844.394546,1,2572.014152
1783.482345,1,2573.987563
1783.482345,1,2575.911571
1783.482345,1,2577.94266
1842.848689,1,2579.879668
1783.482345,1,2581.891991
1783.482345,1,2583.924548
1844.394546,1,2585.848539
1844.900583,1,2587.858608
1844.394546,1,2589.915844
1783.482345,1,2591.830792
1844.394546,1,2594.003538
1783.482345,1,2596.089138
1783.482345,1,2597.995048
1844.394546,1,2599.885284
1783.482345,1,2601.760649
1844.394546,1,2603.753982
1783.482345,1,2605.691428
1783.482345,1,2607.593568
1844.394546,1,2609.50467
1844.394546,1,2611.499657
1844.394546,1,2613.728463
1844.394546,1,2615.831827
1783.482345,1,2617.879655
1844.394546,1,2619.844122
1783.482345,1,2621.786951
1844.394546,1,2623.822011
1844.394546,1,2626.138454
1783.482345,1,2628.644407
1844.394546,1,2630.938297
1783.482345,1,2632.928681
1783.482345,1,2634.916278
1783.482345,1,2636.798569
1783.482345,1,2638.83584
1844.394546,1,2641.026475
1783.482345,1,2642.841557
1783.482345,1,2644.724816
1783.482345,1,2646.626986
1783.482345,1,2648.752152
1844.394546,1,2650.823991
1844.394546,1,2652.792212
1783.482345,1,2654.858241
1844.394546,1,2656.811013
1783.482345,1,2658.758458
1844.394546,1,2660.753486
1783.482345,1,2662.755654
1495.344793,1,2664.911039
1783.482345,1,2667.014186
1783.482345,1,2668.94779
1844.394546,1,2670.829243
1844.394546,1,2673.031152
1783.482345,1,2675.113213
1844.394546,1,2677.142487
1844.394546,1,2679.198337
1783.482345,1,2681.211199
1783.482345,1,2683.176534
1844.394546,1,2685.567015
1844.394546,1,2687.591905
1844.394546,1,2689.661811
1844.394546,1,2691.774795
1783.482345,1,2693.88642
1783.482345,1,2695.931914
1844.394546,1,2698.027854
1783.482345,1,2700.099912
1783.482345,1,2702.166525
1844.394546,1,2704.207209
1783.482345,1,2706.358145
1783.482345,1,2708.235253
1844.394546,1,2710.325412
1844.394546,1,2712.467696
1783.482345,1,2714.803496
1844.394546,1,2716.868756
1844.394546,1,2718.831211
1844.394546,1,2720.786647
1783.482345,1,2722.663188
1783.482345,1,2724.541401
1783.482345,1,2726.397702
1862.938311,1,2728.106888
1844.394546,1,2729.944267
1844.394546,1,2731.723859
1783.482345,1,2733.481305
1783.482345,1,2735.360475
1844.394546,1,2737.533321
1783.482345,1,2739.698739
1783.482345,1,2741.948901
1783.482345,1,2744.432698
1844.394546,1,2746.585258
1844.394546,1,2748.436274
1844.394546,1,2750.641351
1783.482345,1,2752.567635
1783.482345,1,2754.478492
1783.482345,1,2757.394097
1844.394546,1,2759.963139
1783.482345,1,2762.224347
1783.482345,1,2764.496465
1844.394546,1,2766.938685
1844.394546,1,2769.285032
1844.394546,1,2771.684383
1844.394546,1,2774.247042
1783.482345,1,2776.920655
1794.113849,1,2779.434381
1844.394546,1,2781.815678
1783.482345,1,2784.094297
1844.394546,1,2786.671605
1783.482345,1,2789.031583
1783.482345,1,2790.993926
1783.482345,1,2793.040946
1844.394546,1,2795.277726
1783.482345,1,2797.279197
1783.482345,1,2799.334177
1846.226108,1,2801.364344
1844.394546,1,2803.602417
1783.482345,1,2805.989516
1844.394546,1,2808.160339
1844.394546,1,2810.465313
1783.482345,1,2812.632496
1844.394546,1,2814.636432
1844.394546,1,2816.59723
1783.482345,1,2818.583847
1844.394546,1,2820.868734
1783.482345,1,2822.733567
1783.482345,1,2824.631435
1783.482345,1,2826.341796
1844.394546,1,2828.163059
1844.394546,1,2830.102784
1844.394546,1,2831.87618
1783.482345,1,2833.7058
1844.394546,1,2835.848428
1844.394546,1,2838.529448
1783.482345,1,2841.380084
1844.394546,1,2844.155251
1844.394546,1,2846.193556
1783.482345,1,2848.515
1783.482345,1,2850.322943
1783.482345,1,2852.12617
1844.394546,1,2854.052058
1783.482345,1,2855.985067
1783.482345,1,2858.029651
1783.482345,1,2859.996732
1844.394546,1,2861.921596
1844.394546,1,2863.846931
1783.482345,1,2865.861737
1783.482345,1,2867.784121
1783.482345,1,2869.62834
1783.482345,1,2871.423002
1783.482345,1,2873.203557
1783.482345,1,2875.032778
1842.819927,1,2876.886652
1844.394546,1,2878.662771
1844.394546,1,2880.68276
1844.394546,1,2882.606289
1783.482345,1,2884.570956
1844.394546,1,2886.481618
1783.482345,1,2888.420373
1844.394546,1,2890.266053
1844.394546,1,2892.03857
1783.482345,1,2893.832472
1842.528303,1,2895.580518
1783.482345,1,2897.332429
1844.394546,1,2899.222293
1783.482345,1,2901.093162
1844.394546,1,2903.132011
1844.394546,1,2904.949367
1783.482345,1,2906.734158
1844.394546,1,2908.502344
1844.394546,1,2910.290326
1844.394546,1,2912.205214
1851.877182,1,2913.927214
1833.511476,1,2915.686865
1845.899296,1,2917.430289
1783.482345,1,2919.316878
1844.394546,1,2921.047346
1844.394546,1,2922.846324
1783.482345,1,2924.909587
1783.482345,1,2926.800758
1783.482345,1,2928.510193
1844.394546,1,2930.286356
1844.394546,1,2932.125775
1783.482345,1,2933.966685
1783.482345,1,2935.797775
1844.394546,1,2937.687356
1859.316844,1,2939.448651
1844.394546,1,2941.232979
1844.394546,1,2943.051713
1783.482345,1,2944.916245
1844.394546,1,2947.525111
1844.394546,1,2949.900912
1783.482345,1,2952.165873
1783.482345,1,2954.139798
1844.394546,1,2956.828528
1783.482345,1,2958.993456
1814.565191,1,2961.639168
1844.394546,1,2963.469624
1844.394546,1,2965.27983
1844.394546,1,2967.611841
1844.394546,1,2969.602393
1844.394546,1,2971.59813
1783.482345,1,2973.483642
1783.482345,1,2975.334477
1844.394546,1,2977.206503
1783.482345,1,2979.074231
1844.394546,1,2980.97183
1783.482345,1,2983.170987
1844.394546,1,2985.013135
1844.394546,1,2986.77603
1844.394546,1,2988.585178
1810.355944,1,2990.397686
1783.482345,1,2992.196057
1783.482345,1,2994.052304
1844.394546,1,2995.991953
1854.820569,1,2997.855407
1844.394546,1,2999.74391
1783.482345,1,3001.535975
1844.394546,1,3003.469968
1783.482345,1,3005.370467
1783.482345,1,3007.205496
1783.482345,1,3009.088471
1783.482345,1,3010.93827
1783.482345,1,3012.912639
1844.394546,1,3014.894452
1844.394546,1,3016.769337
1783.482345,1,3018.729168
1844.394546,1,3020.571492
1783.482345,1,3022.337621
1783.482345,1,3024.166296
1844.394546,1,3025.93024
1844.394546,1,3027.755826
1783.482345,1,3029.566848
1844.394546,1,3031.419133
1783.482345,1,3033.227591
1844.394546,1,3035.084287
1783.482345,1,3037.054093
1783.482345,1,3038.915939
1844.265198,1,3040.854595
1783.482345,1,3042.704884
1783.482345,1,3044.556916
1783.482345,1,3046.378517
1844.394546,1,3048.14818
1844.394546,1,3049.964543
1844.394546,1,3051.769992
1783.482345,1,3053.591494
1767.853297,1,3055.576671
1783.482345,1,3057.543974
1783.482345,1,3059.384788
1783.482345,1,3061.414551
1783.482345,1,3063.277839
1844.394546,1,3065.466892
1783.482345,1,3067.487817
1845.200935,1,3069.555887
1847.373836,1,3071.750979
1844.394546,1,3073.765209
1783.482345,1,3075.693215
1844.394546,1,3077.544349
1770.000018,1,3079.321281
1844.394546,1,3081.430662
1844.394546,1,3083.484034
1844.394546,1,3085.369599
1844.394546,1,3087.421458
1783.482345,1,3089.20446
1844.394546,1,3090.974494
1783.482345,1,3092.737478
1844.394546,1,3094.529551
1783.482345,1,3096.345797
1783.482345,1,3097.996657
1783.482345,1,3099.741234
1783.482345,1,3102.009007
1500.477218,1,3104.339243
1844.394546,1,3106.367056
1783.482345,1,3108.400065
1783.482345,1,3110.263624
1844.394546,1,3112.288985
1844.394546,1,3114.813931
1783.482345,1,3117.42079
1783.482345,1,3120.230298
1844.394546,1,3122.375143
1834.60891,1,3124.302979
1844.394546,1,3126.261796
1783.482345,1,3128.234528
1844.394546,1,3130.090058
1783.482345,1,3131.888638
1783.482345,1,3133.712864
1844.394546,1,3135.693134
1845.933792,1,3138.322897
1844.394546,1,3140.176897
1783.482345,1,3142.075818
1844.394546,1,3144.332799
1783.482345,1,3146.715332
1859.828505,1,3148.997152
1783.482345,1,3150.998888
1844.394546,1,3153.714584
1783.482345,1,3155.757158
1844.394546,1,3157.641591
1783.482345,1,3159.452104
1783.482345,1,3161.283742
1844.394546,1,3163.20063
1844.394546,1,3165.119239
1783.482345,1,3167.023899
1844.394546,1,3168.909984
1844.394546,1,3170.815191
1843.747601,1,3172.632929
1844.394546,1,3174.37499
1783.482345,1,3176.162971
1783.482345,1,3177.945637
1783.482345,1,3179.760851
1844.394546,1,3181.622215
1841.806081,1,3183.502684
1783.482345,1,3185.392168
1844.394546,1,3187.272467
1783.482345,1,3189.118022
1783.482345,1,3191.160982
1846.068367,1,3193.120002
1783.482345,1,3195.426895
1783.482345,1,3197.411234
1783.482345,1,3199.402085
1783.482345,1,3201.236424
1844.394546,1,3203.271878
1783.482345,1,3205.235119
1783.482345,1,3207.084207
1844.394546,1,3208.913797
1844.394546,1,3210.718471
1783.482345,1,3212.490828
1844.394546,1,3214.486998
1844.394546,1,3216.226254
1844.394546,1,3218.072483
1783.482345,1,3219.896467
1695.684146,1,3221.779488
1844.394546,1,3224.372862
1783.482345,1,3226.818763
1783.482345,1,3228.777675
1783.482345,1,3230.983026
1844.394546,1,3233.119689
1861.461236,1,3234.924638
1783.482345,1,3236.778803
1783.482345,1,3238.65717
1783.482345,1,3240.547594
1783.482345,1,3242.562781
1844.394546,1,3244.489485
1783.482345,1,3246.279844
1783.482345,1,3248.049473
1783.482345,1,3249.971112
1783.482345,1,3252.189594
1783.482345,1,3254.19144
1783.482345,1,3256.111779
1783.482345,1,3258.75659
1844.394546,1,3260.838948
1828.389467,1,3262.853476
1844.394546,1,3264.924234
1844.394546,1,3266.871064
1783.482345,1,3268.809736
1782.842723,1,3270.674109
1783.482345,1,3272.481759
1783.482345,1,3274.422526
1783.482345,1,3276.310777
1783.482345,1,3278.305199
1783.482345,1,3280.188884
1844.394546,1,3282.104935
1783.482345,1,3284.144711
1783.482345,1,3286.138387
1844.394546,1,3287.994456
1783.482345,1,3289.825511
1842.294753,1,3291.610531
1783.482345,1,3293.380531
1783.482345,1,3295.162121
1783.482345,1,3297.108913
1844.394546,1,3298.874808
1844.394546,1,3300.661344
1844.394546,1,3302.482966
1844.394546,1,3304.183693
1783.482345,1,3305.998499
1850.646485,1,3307.713781
1783.482345,1,3309.676166
1844.394546,1,3311.642698
1844.394546,1,3313.504416
1844.394546,1,3315.340931
1796.433466,1,3317.240289
1783.482345,1,3319.178728
1783.482345,1,3321.780454
1783.482345,1,3324.720754
1844.394546,1,3327.820081
1783.482345,1,3330.608716
1844.394546,1,3333.397768
1783.482345,1,3336.231323
1844.394546,1,3338.701843
1783.482345,1,3340.886122
1783.482345,1,3343.423157
1844.394546,1,3345.539766
1844.394546,1,3348.063719
1783.482345,1,3350.179544
1844.394546,1,3352.099089
1783.482345,1,3353.949261
1783.482345,1,3355.74925
1783.482345,1,3357.808638
1844.394546,1,3360.487004
1844.394546,1,3363.225047
1844.394546,1,3365.092189
1844.394546,1,3367.07691
1783.482345,1,3369.271992
1844.394546,1,3371.68596
1783.482345,1,3373.556818
1844.394546,1,3375.560483
1783.482345,1,3377.436361
1844.394546,1,3379.391404
1783.482345,1,3381.424022
1783.482345,1,3383.279713
1844.394546,1,3385.214172
1783.482345,1,3387.206652
1844.394546,1,3389.545182
1783.482345,1,3392.132436
1783.482345,1,3394.17768
1783.482345,1,3396.056794
1844.394546,1,3397.901045
1783.482345,1,3399.81885
1783.482345,1,3402.040262
1844.394546,1,3404.365167
1783.482345,1,3406.320527
1783.482345,1,3408.590509
1844.394546,1,3410.94195
1844.394546,1,3413.17902
1783.482345,1,3415.464874
1844.394546,1,3417.608372
1783.482345,1,3420.283314
1861.476029,1,3422.358802
1847.7005,1,3424.852624
1842.588723,1,3427.659332
1783.482345,1,3430.199523
1783.482345,1,3433.098121
1783.482345,1,3435.76704
1783.482345,1,3438.352525
1844.394546,1,3440.378284
1783.482345,1,3442.32771
1783.482345,1,3444.279584
1783.482345,1,3446.580142
1783.482345,1,3448.409039
1783.482345,1,3450.483582
1844.394546,1,3452.626864
1783.482345,1,3454.988471
1844.394546,1,3457.584601
1783.482345,1,3460.23774
1844.394546,1,3463.01585
1844.394546,1,3465.576577
1545.438361,1,3468.11875
1783.482345,1,3469.974426
1844.394546,1,3471.895442
1783.482345,1,3473.884321
1844.394546,1,3475.74701
1844.394546,1,3477.650907
1783.482345,1,3479.681585
1783.482345,1,3481.541065
1844.394546,1,3483.399864
1844.036293,1,3485.232176
1844.183117,1,3487.090632
1783.482345,1,3489.007051
1783.482345,1,3490.92574
1844.394546,1,3492.796907
1783.482345,1,3495.477449
1783.482345,1,3497.390632
1844.394546,1,3499.276952
1783.482345,1,3501.145918
1783.482345,1,3503.056054
1844.394546,1,3504.954992
1783.482345,1,3506.711295
1783.482345,1,3508.543549
1844.394546,1,3510.552315
1783.482345,1,3512.599497
1783.482345,1,3514.456952
1783.482345,1,3516.356076
1844.394546,1,3518.53859
1783.482345,1,3520.332829
1844.394546,1,3522.216789
1858.819894,1,3524.134582
1783.482345,1,3526.139307
1859.649755,1,3528.249612
1844.394546,1,3530.177516
1783.482345,1,3532.534014
1783.482345,1,3534.512543
1783.482345,1,3536.359683
1839.194417,1,3538.670171
1844.394546,1,3540.496154
1847.165094,1,3542.413189
1783.482345,1,3544.245768
1844.394546,1,3546.156711
1844.394546,1,3548.168695
1844.394546,1,3550.123483
1844.394546,1,3552.144361
1783.482345,1,3554.072397
1844.394546,1,3556.230378
1844.394546,1,3558.255214
1844.394546,1,3560.091418
1783.482345,1,3562.054646
1783.482345,1,3563.922769
1783.482345,1,3565.87291
1783.482345,1,3567.758802
1840.926121,1,3569.624904
1783.482345,1,3571.636088
1783.482345,1,3573.520592
1844.394546,1,3575.401096
1783.482345,1,3577.406775
1844.394546,1,3579.380215
1844.394546,1,3581.336206
1844.394546,1,3583.349989
1783.482345,1,3585.344333
1783.482345,1,3587.311988
1783.482345,1,3589.348399
1783.482345,1,3591.28934
1866.195641,1,3593.318971
1844.394546,1,3595.520484
1783.482345,1,3597.716116
1859.830482,1,3599.642479
1783.482345,1,3601.57005
1783.482345,1,3603.4781
1844.394546,1,3605.388145
1844.394546,1,3607.415844
1783.482345,1,3609.319812
1783.482345,1,3611.346268
1844.394546,1,3613.19255
1783.482345,1,3615.07732
1783.482345,1,3617.306256
1783.482345,1,3619.557096
1783.482345,1,3621.554272
1783.482345,1,3623.675566
1844.394546,1,3626.171584
1861.151356,1,3628.427025
1783.482345,1,3630.371088
1783.482345,1,3632.385972
1844.394546,1,3634.392994
1844.394546,1,3636.433743
1767.861327,1,3638.502941
1844.394546,1,3640.61704
1844.394546,1,3642.655969
1783.482345,1,3644.824367
1783.482345,1,3646.914784
1783.482345,1,3648.979465
1844.394546,1,3651.115059
1783.482345,1,3653.108715
1842.608832,1,3655.027966
1783.482345,1,3656.887336
1837.011474,1,3658.94875
1783.482345,1,3660.964649
1783.482345,1,3662.941375
1783.482345,1,3664.767038
1783.482345,1,3666.654841
1844.394546,1,3668.577156
1844.394546,1,3670.53007
1783.482345,1,3672.661653
1844.394546,1,3674.601665
1783.482345,1,3676.424052
1783.482345,1,3678.387414
1783.482345,1,3680.242723
1844.394546,1,3681.997369
1844.394546,1,3684.007404
1844.394546,1,3686.105201
1783.482345,1,3688.658937
1783.482345,1,3690.725591
1783.482345,1,3692.745821
1844.394546,1,3695.05611
1783.482345,1,3697.133628
1844.394546,1,3699.353583
1783.482345,1,3701.379389
1783.482345,1,3703.458291
1844.394546,1,3705.622087
1783.482345,1,3707.710487
1783.482345,1,3709.664236
1844.394546,1,3711.57477
1844.394546,1,3713.639868
1783.482345,1,3715.471032
1844.394546,1,3717.396315
1844.394546,1,3719.551644
1844.394546,1,3721.672444
1840.513823,1,3723.807682
1783.482345,1,3726.486348
1783.482345,1,3728.581669
1844.394546,1,3730.583647
1783.482345,1,3732.732382
1783.482345,1,3734.709237
1783.482345,1,3736.703859
1844.394546,1,3738.936391
1847.01534,1,3740.970151
1783.482345,1,3742.988873
1844.394546,1,3744.933169
1844.394546,1,3746.8409
1844.394546,1,3748.816342
1841.457875,1,3750.841086
1844.394546,1,3752.650287
1783.482345,1,3754.463639
1783.482345,1,3756.355185
1844.394546,1,3758.312737
1844.394546,1,3760.723813
1783.482345,1,3763.327963
1844.394546,1,3765.895066
1844.394546,1,3767.810319
1783.482345,1,3769.806905
1783.482345,1,3771.900914
1783.482345,1,3773.776595
1783.482345,1,3775.610806
1783.482345,1,3777.449991
1783.482345,1,3779.914443
1844.394546,1,3782.64617
1783.482345,1,3784.932647
1844.394546,1,3787.235399
1844.394546,1,3789.651059
1783.482345,1,3792.1685
1844.394546,1,3795.216632
1844.394546,1,3798.142362
1846.527998,1,3800.968288
1844.394546,1,3803.498356
1844.394546,1,3805.525631
1783.482345,1,3807.483899
1783.482345,1,3809.482196
1783.482345,1,3811.500581
1783.482345,1,3813.421187
1783.482345,1,3815.625015
1783.482345,1,3817.583638
1783.482345,1,3819.621528
1844.394546,1,3821.553115
1844.394546,1,3823.50365
1783.482345,1,3825.424544
1783.482345,1,3827.650335
1783.482345,1,3829.523113
1844.394546,1,3831.465861
1783.482345,1,3833.309493
1783.482345,1,3835.204226
1844.394546,1,3837.507682
1783.482345,1,3839.392421
1853.382085,1,3841.173594
1844.394546,1,3843.103821
1841.465119,1,3845.010184
1844.394546,1,3847.084793
1844.394546,1,3849.389922
1783.482345,1,3851.368409
1783.482345,1,3853.683131
1844.394546,1,3855.723438
1783.482345,1,3857.725045
1844.394546,1,3859.747923
1783.482345,1,3861.743603
1783.482345,1,3863.618351
1844.394546,1,3865.605062
1783.482345,1,3867.635134
1783.482345,1,3869.774435
1844.394546,1,3871.813391
1783.482345,1,3873.829403
1783.482345,1,3875.854682
1783.482345,1,3878.062686
1783.482345,1,3880.32521
1844.394546,1,3882.443069
1844.394546,1,3884.52612
1845.167641,1,3886.494968
1844.394546,1,3888.624657
1844.394546,1,3890.684629
1783.482345,1,3892.649826
1844.394546,1,3894.661937
1844.394546,1,3897.222126
1783.482345,1,3899.337816
1844.394546,1,3901.473343
1783.482345,1,3903.611619
1844.394546,1,3905.651154
1783.482345,1,3907.585633
1862.476603,1,3909.875566
1844.394546,1,3911.851765
1844.394546,1,3913.88796
1860.428131,1,3916.22585
1844.394546,1,3918.330813
1783.482345,1,3920.526916
1860.277922,1,3922.635945
1783.482345,1,3924.770402
1844.394546,1,3926.958979
1844.394546,1,3929.023472
1844.394546,1,3931.055317
1844.394546,1,3933.138042
1783.482345,1,3935.044231
1844.394546,1,3937.005243
1844.394546,1,3939.285366
1783.482345,1,3941.24852
1783.482345,1,3943.056632
1844.394546,1,3944.914698
1844.394546,1,3946.66923
1844.394546,1,3948.481532
1783.482345,1,3950.507676
1844.394546,1,3952.705022
1783.482345,1,3954.637682
1844.394546,1,3956.598505
1844.394546,1,3958.763151
1783.482345,1,3960.773917
1844.394546,1,3962.703099
1844.394546,1,3964.673218
1783.482345,1,3966.525343
1783.482345,1,3968.394278
1783.482345,1,3970.367358
1783.482345,1,3972.169894
1839.987579,1,3973.97135
1783.482345,1,3975.792784
1862.8659,1,3977.982163
1720.975029,1,3979.866171
1783.482345,1,3981.731456
1783.482345,1,3983.710088
1844.394546,1,3985.543113
1774.350332,1,3987.308722
1783.482345,1,3989.193653
1783.482345,1,3991.293887
1783.482345,1,3993.024091
1844.394546,1,3994.81532
1844.394546,1,3996.868322
1783.482345,1,3999.934978
1846.038054,1,4002.204496
1783.482345,1,4004.020623
1783.482345,1,4005.674447
1861.134543,1,4007.63319
1783.482345,1,4009.594736
1844.394546,1,4011.550812
1844.394546,1,4013.382232
1844.394546,1,4015.528087
1783.482345,1,4017.188721
1844.394546,1,4018.916173
1783.482345,1,4020.566993
1783.482345,1,4022.478709
1844.394546,1,4024.145376
1844.394546,1,4025.813655
1783.482345,1,4027.495111
1779.766348,1,4029.494863
1783.482345,1,4031.142503
1844.394546,1,4032.805402
1844.394546,1,4034.444737
1858.313992,1,4036.357685
1844.394546,1,4037.975934
1844.394546,1,4039.595436
1783.482345,1,4041.209855
1519.519261,1,4042.819213
1859.284846,1,4044.484386
1783.482345,1,4046.087526
1857.913776,1,4047.79417
1840.336078,1,4049.406734
1783.482345,1,4050.991923
1853.976782,1,4052.736884
1783.482345,1,4054.300571
1783.482345,1,4055.854005
1783.482345,1,4057.433089
1783.482345,1,4058.994564
1783.482345,1,4060.749097
1786.880469,1,4062.442672
1844.394546,1,4064.129418
1783.482345,1,4065.82016
1844.394546,1,4067.47963
1783.482345,1,4069.424896
1783.482345,1,4071.375164
1783.482345,1,4073.205861
1850.646485,1,4074.816027
1783.482345,1,4076.791452
1783.482345,1,4078.862081
1858.784064,1,4080.662005
1783.482345,1,4082.322535
1783.482345,1,4083.919197
1844.394546,1,4085.864103
1844.394546,1,4087.763303
1783.482345,1,4089.562254
1844.394546,1,4091.840952
1844.394546,1,4094.229678
1783.482345,1,4096.529971
1844.394546,1,4098.6716
1844.394546,1,4101.152847
1844.394546,1,4102.819252
1783.482345,1,4104.40237
1844.394546,1,4106.087586
