#{"t_start": 1620849802.9773479, "env_id": "octorotor-v0"}
r,l,t
1805.480395,1,4.650664
1786.940012,1,5.89945
1736.172334,1,7.068146
1757.55836,1,8.307123
1768.433811,1,9.509784
1711.68385,1,10.737507
1815.975567,1,11.927598
1808.229241,1,13.181783
1670.274301,1,14.423167
1663.301153,1,15.594686
1823.002994,1,16.838999
1813.940574,1,18.09627
1687.161208,1,19.313111
1784.80349,1,20.586189
1772.436344,1,21.831786
1724.217447,1,23.111696
1818.257237,1,24.447576
1830.015424,1,25.907402
1843.702799,1,27.367364
1823.558459,1,28.492762
1797.181006,1,29.726967
1733.899211,1,31.219932
1810.153887,1,32.594955
1812.885123,1,34.226041
1661.113729,1,35.919179
1773.629444,1,37.162725
1756.739278,1,38.337544
1656.127158,1,39.587605
1689.977187,1,41.169232
1747.59346,1,42.687389
1805.760649,1,44.113079
1801.860038,1,45.508443
1806.070426,1,47.19817
1765.848955,1,48.690617
1779.147896,1,50.067492
1574.677466,1,51.306944
1668.922842,1,52.555465
1621.31075,1,53.799887
1621.917158,1,55.081763
1815.98595,1,56.353639
1845.084778,1,57.681842
1830.072933,1,59.005844
1786.54837,1,60.282999
1716.656134,1,61.431201
1809.395468,1,62.587877
1750.859532,1,63.779217
1723.135504,1,65.052141
1750.883011,1,66.240588
1690.237084,1,67.53844
1834.599037,1,68.781671
1815.956505,1,70.129087
1776.262741,1,71.395295
1761.829118,1,72.687597
1806.036818,1,73.956985
1803.243963,1,75.192984
1767.481382,1,76.510707
1818.250166,1,77.849779
1700.230455,1,79.427729
1811.438064,1,80.692945
1827.681882,1,81.9267
1764.348192,1,83.159833
1670.647254,1,84.412206
1734.003864,1,85.57777
1755.632964,1,86.897024
1581.974441,1,88.699905
1605.326059,1,89.885962
1779.409103,1,91.128255
1766.709448,1,92.326418
1802.229562,1,93.578017
1799.749132,1,94.864872
1749.454324,1,96.2849
1790.15072,1,97.477894
1621.491372,1,98.737901
1723.855189,1,100.006176
1842.241275,1,101.450179
1826.595548,1,102.9749
1818.969187,1,104.253547
1787.154484,1,105.459847
1736.093252,1,106.710395
1807.467264,1,107.954183
1769.908464,1,109.21663
1770.414644,1,110.422411
1762.143265,1,111.665818
1758.530493,1,112.903183
1726.823456,1,114.117871
1827.513161,1,115.330991
1773.514289,1,116.594341
1629.786504,1,117.854613
1699.685286,1,119.103914
1763.963777,1,120.331789
1740.298525,1,121.586071
1736.308934,1,122.829835
1740.961631,1,124.092986
1809.38019,1,125.285935
1718.487749,1,126.557676
1630.45367,1,127.866673
1647.723674,1,129.135225
1821.683135,1,130.386649
1824.134054,1,131.611526
1762.066172,1,132.80438
1832.445811,1,134.062915
1732.868394,1,135.327244
1832.445811,1,136.576816
1732.868394,1,137.835007
1732.868394,1,139.073677
1832.445811,1,140.327225
1832.445811,1,141.576388
1832.445811,1,142.830173
1732.868394,1,144.084002
1732.868394,1,145.345864
1732.868394,1,146.588265
1832.445811,1,147.847969
1732.868394,1,149.107517
1732.868394,1,150.392351
1832.445811,1,151.652424
1832.445811,1,152.927891
1732.868394,1,154.18668
1832.445811,1,155.455623
1732.868394,1,156.71512
1732.868394,1,158.11921
1832.445811,1,159.439967
1732.868394,1,160.695599
1832.445811,1,161.943461
1732.868394,1,163.197143
1832.445811,1,164.456798
1832.445811,1,165.700686
1832.445811,1,166.944689
1732.868394,1,168.229469
1732.868394,1,169.488195
1732.868394,1,170.774782
1732.868394,1,172.058511
1832.445811,1,173.369345
1732.868394,1,174.654466
1732.868394,1,175.97776
1732.868394,1,177.306767
1832.445811,1,178.6092
1732.868394,1,179.938485
1732.868394,1,181.282232
1732.868394,1,182.57322
1732.868394,1,183.909176
1732.868394,1,185.250165
1832.445811,1,186.559966
1832.445811,1,187.824182
1732.868394,1,189.07812
1832.445811,1,190.330988
1732.868394,1,191.601439
1732.868394,1,192.86741
1732.868394,1,194.132258
1732.868394,1,195.389436
1832.445811,1,196.645333
1732.868394,1,197.905535
1832.445811,1,199.170795
1832.445811,1,200.439788
1832.445811,1,201.711835
1832.445811,1,203.025366
1832.445811,1,204.310448
1832.445811,1,205.638106
1732.868394,1,206.948601
1732.868394,1,208.20791
1732.868394,1,209.461768
1732.868394,1,210.733212
1732.868394,1,211.993127
1732.868394,1,213.262763
1832.445811,1,214.520232
1732.868394,1,215.927306
1732.868394,1,217.470904
1732.868394,1,218.808932
1832.445811,1,220.197223
1832.445811,1,221.550899
1832.445811,1,222.908052
1732.868394,1,224.279084
1732.868394,1,225.637666
1732.868394,1,227.00359
1732.868394,1,228.396182
1832.445811,1,229.809196
1732.868394,1,231.165428
1732.868394,1,232.522492
1832.445811,1,233.864301
1832.445811,1,235.202988
1832.445811,1,236.597321
1832.445811,1,238.097353
1732.868394,1,239.441213
1732.868394,1,240.782939
1832.445811,1,242.122983
1732.868394,1,243.515504
1832.445811,1,244.872415
1732.868394,1,246.233211
1732.868394,1,247.615097
1832.445811,1,249.148434
1732.868394,1,250.573827
1832.445811,1,251.905546
1832.445811,1,253.266099
1832.445811,1,254.83836
1832.445811,1,256.232369
1832.445811,1,257.595045
1732.868394,1,258.954409
1832.445811,1,260.541465
1732.868394,1,261.987803
1832.445811,1,263.494647
1832.445811,1,264.894959
1832.445811,1,266.294257
1832.445811,1,267.728013
1732.868394,1,269.335546
1832.445811,1,270.748123
1732.868394,1,272.113807
1832.445811,1,273.481489
1732.868394,1,274.929408
1732.868394,1,276.374051
1732.868394,1,277.77327
1832.445811,1,279.157712
1732.868394,1,280.748229
1732.868394,1,282.191001
1832.445811,1,283.611012
1832.445811,1,285.011583
1832.445811,1,286.426834
1832.445811,1,287.859559
1832.445811,1,289.266644
1732.868394,1,290.637925
1832.445811,1,292.030415
1732.868394,1,293.50374
1732.868394,1,294.94151
1832.445811,1,296.338018
1732.868394,1,297.786636
1832.445811,1,299.146806
1832.445811,1,300.526443
1732.868394,1,301.891774
1832.445811,1,303.260948
1732.868394,1,304.650691
1832.445811,1,306.022811
1832.445811,1,307.412385
1832.445811,1,308.796578
1832.445811,1,310.19302
1832.445811,1,311.573288
1832.445811,1,312.940339
1832.445811,1,314.317337
1732.868394,1,315.724974
1732.868394,1,317.440235
1832.445811,1,318.816282
1732.868394,1,320.189288
1832.445811,1,321.543908
1732.868394,1,322.964819
1732.868394,1,324.594372
1732.868394,1,325.975949
1832.445811,1,327.355643
1832.445811,1,328.740759
1832.445811,1,330.168973
1832.445811,1,331.531365
1732.868394,1,332.895468
1832.445811,1,334.254642
1832.445811,1,335.676706
1832.445811,1,337.070906
1732.868394,1,338.503422
1732.868394,1,339.978032
1832.445811,1,341.476063
1732.868394,1,343.002368
1832.445811,1,344.507025
1832.445811,1,346.039143
1832.445811,1,347.457061
1832.445811,1,348.926117
1832.445811,1,350.352054
1732.868394,1,351.798214
1732.868394,1,353.211356
1732.868394,1,354.676732
1732.868394,1,356.049169
1732.868394,1,357.441832
1732.868394,1,358.809992
1832.445811,1,360.205501
1732.868394,1,361.937276
1832.445811,1,363.418889
1832.445811,1,364.98571
1732.868394,1,366.51867
1832.445811,1,368.122557
1732.868394,1,369.871743
1732.868394,1,371.976209
1832.445811,1,373.552711
1732.868394,1,375.097005
1732.868394,1,376.613589
1832.445811,1,378.137089
1732.868394,1,380.005545
1732.868394,1,381.517499
1832.445811,1,383.08135
1832.445811,1,384.593283
1832.445811,1,385.971879
1732.868394,1,387.591701
1732.868394,1,389.430437
1832.445811,1,390.813399
1832.445811,1,392.175502
1732.868394,1,393.554319
1832.445811,1,394.927079
1832.445811,1,396.310838
1732.868394,1,397.674983
1832.445811,1,399.043207
1732.868394,1,400.418317
1832.445811,1,401.861206
1732.868394,1,403.253426
1732.868394,1,404.644896
1732.868394,1,406.046737
1832.445811,1,407.440405
1732.868394,1,408.879092
1832.445811,1,410.248023
1832.445811,1,411.619801
1732.868394,1,413.010752
1732.868394,1,414.713499
1732.868394,1,416.147138
1732.868394,1,417.535144
1832.445811,1,418.924946
1732.868394,1,420.319557
1732.868394,1,421.735603
1832.445811,1,423.125573
1732.868394,1,424.526283
1832.445811,1,425.912835
1832.445811,1,427.536937
1732.868394,1,428.927904
1732.868394,1,430.354653
1732.868394,1,431.779939
1832.445811,1,433.256967
1732.868394,1,434.648126
1732.868394,1,436.038665
1832.445811,1,437.409541
1732.868394,1,438.961635
1732.868394,1,440.435575
1832.445811,1,441.867586
1832.445811,1,443.352107
1732.868394,1,444.829042
1732.868394,1,446.275697
1832.445811,1,447.693568
1832.445811,1,449.165184
1732.868394,1,450.687327
1832.445811,1,452.178322
1832.445811,1,453.60561
1732.868394,1,455.0304
1832.445811,1,456.590382
1732.868394,1,458.055425
1732.868394,1,459.435274
1832.445811,1,460.818619
1732.868394,1,462.22818
1732.868394,1,463.621717
1732.868394,1,465.122519
1832.445811,1,466.660558
1832.445811,1,468.130096
1832.445811,1,469.577037
1832.445811,1,470.99395
1832.445811,1,472.400108
1832.445811,1,473.790673
1732.868394,1,475.237393
1732.868394,1,476.837819
1732.868394,1,478.501578
1732.868394,1,480.243285
1732.868394,1,482.018191
1832.445811,1,483.777844
1732.868394,1,485.378146
1732.868394,1,487.099736
1832.445811,1,488.661488
1834.446102,1,490.241423
1834.446102,1,491.791581
1834.446102,1,493.381042
1732.868394,1,495.494531
1834.446102,1,497.296367
1732.868394,1,498.993883
1834.446102,1,500.629188
1834.446102,1,502.250211
1834.446102,1,503.845602
1834.446102,1,505.282837
1834.446102,1,506.743849
1834.446102,1,508.234075
1732.868394,1,509.696556
1732.868394,1,511.157409
1834.446102,1,512.658171
1732.868394,1,514.112322
1732.868394,1,515.562527
1834.446102,1,516.985038
1732.868394,1,518.413915
1732.868394,1,519.869392
1732.868394,1,521.280483
1834.446102,1,522.648538
1834.446102,1,524.050979
1834.446102,1,525.560702
1834.446102,1,526.928392
1834.446102,1,528.351799
1732.868394,1,529.786707
1834.446102,1,531.267307
1834.446102,1,532.735619
1834.446102,1,534.202961
1834.446102,1,535.677637
1834.446102,1,537.163646
1732.868394,1,539.288123
1834.446102,1,540.767323
1732.868394,1,542.267134
1834.446102,1,543.73112
1834.446102,1,545.316833
1834.446102,1,547.225733
1834.446102,1,549.066046
1732.868394,1,550.547176
1834.446102,1,551.983111
1834.446102,1,553.45301
1732.868394,1,554.913168
1834.446102,1,556.870351
1834.446102,1,558.341911
1834.446102,1,559.769406
1732.868394,1,561.212517
1732.868394,1,562.650918
1732.868394,1,564.094558
1732.868394,1,566.053732
1732.868394,1,567.500352
1834.446102,1,568.924561
1834.446102,1,570.350945
1834.446102,1,571.776311
1732.868394,1,573.22585
1732.868394,1,575.246329
1834.446102,1,576.655256
1834.446102,1,578.069288
1834.446102,1,579.529197
1732.868394,1,580.984914
1834.446102,1,582.42674
1732.868394,1,584.359344
1834.446102,1,585.808047
1732.868394,1,587.284292
1834.446102,1,588.746345
1834.446102,1,590.206181
1834.446102,1,591.743132
1732.868394,1,593.721767
1834.446102,1,595.240848
1732.868394,1,596.790594
1732.868394,1,598.403509
1834.446102,1,599.888223
1834.446102,1,601.454299
1732.868394,1,602.927685
1834.446102,1,604.363278
1732.868394,1,605.858778
1834.446102,1,607.479043
1834.446102,1,608.971977
1834.446102,1,610.464076
1834.446102,1,611.974929
1834.446102,1,613.456526
1732.868394,1,615.039551
1834.446102,1,616.530332
1732.868394,1,618.025696
1834.446102,1,619.515379
1732.868394,1,621.081036
1834.446102,1,622.631607
1732.868394,1,624.167588
1834.446102,1,625.674799
1732.868394,1,627.149363
1732.868394,1,628.729294
1732.868394,1,630.253633
1834.446102,1,631.697501
1732.868394,1,633.205039
1732.868394,1,634.644199
1834.446102,1,636.214365
1834.446102,1,637.641089
1834.446102,1,639.051769
1834.446102,1,640.60847
1732.868394,1,642.202447
1834.446102,1,643.660771
1834.446102,1,645.171051
1732.868394,1,646.737863
1834.446102,1,648.222726
1834.446102,1,649.717042
1834.446102,1,651.338262
1732.868394,1,652.821505
1834.446102,1,654.226694
1732.868394,1,655.869416
1732.868394,1,657.622335
1834.446102,1,659.304832
1732.868394,1,660.95115
1834.446102,1,662.472574
1834.446102,1,664.194942
1732.868394,1,666.076548
1732.868394,1,667.691604
1732.868394,1,669.354128
1732.868394,1,670.922552
1834.446102,1,672.818385
1732.868394,1,674.44755
1732.868394,1,676.01157
1732.868394,1,677.5496
1834.446102,1,679.051081
1834.446102,1,680.577447
1732.868394,1,682.112192
1834.446102,1,683.671638
1732.868394,1,685.392329
1732.868394,1,687.200193
1732.868394,1,688.912298
1732.868394,1,690.571098
1834.446102,1,692.185989
1732.868394,1,693.873703
1834.446102,1,695.718181
1834.446102,1,697.533382
1732.868394,1,699.13398
1732.868394,1,700.742701
1834.446102,1,702.342703
1834.446102,1,703.918765
1732.868394,1,706.218515
1834.446102,1,707.782676
1732.868394,1,709.335375
1732.868394,1,711.015666
1834.446102,1,712.555532
1834.446102,1,714.685431
1834.446102,1,716.216844
1732.868394,1,717.758342
1732.868394,1,719.322945
1732.868394,1,720.850171
1732.868394,1,722.450218
1732.868394,1,723.894435
1732.868394,1,725.330834
1834.446102,1,726.739391
1834.446102,1,728.212876
1732.868394,1,729.663218
1834.446102,1,731.069807
1732.868394,1,732.534793
1732.868394,1,734.037546
1834.446102,1,735.458982
1732.868394,1,736.887048
1732.868394,1,738.332328
1732.868394,1,739.781569
1732.868394,1,741.219604
1732.868394,1,742.649413
1834.446102,1,744.056593
1732.868394,1,745.526528
1834.446102,1,746.978727
1732.868394,1,748.440189
1834.446102,1,749.866665
1834.446102,1,751.344924
1834.446102,1,752.765135
1834.446102,1,754.202727
1732.868394,1,755.730259
1834.446102,1,757.137183
1732.868394,1,758.560231
1732.868394,1,760.000714
1834.446102,1,761.465712
1834.446102,1,762.945313
1834.446102,1,764.498457
1834.446102,1,766.0166
1834.446102,1,767.384078
1732.868394,1,768.79652
1732.868394,1,770.373448
1834.446102,1,771.804249
1834.446102,1,773.251609
1834.446102,1,774.64759
1834.446102,1,776.070686
1732.868394,1,777.59765
1732.868394,1,779.096717
1834.446102,1,780.544852
1834.446102,1,782.029877
1834.446102,1,783.578736
1834.446102,1,785.030053
1732.868394,1,786.55006
1732.868394,1,788.002795
1834.446102,1,789.464938
1732.868394,1,790.884948
1732.868394,1,792.378656
1834.446102,1,793.876394
1834.446102,1,795.352777
1732.868394,1,796.776497
1834.446102,1,798.284512
1732.868394,1,799.82547
1834.446102,1,801.27152
1834.446102,1,802.670954
1732.868394,1,804.154203
1732.868394,1,805.600543
1732.868394,1,807.021218
1732.868394,1,808.441993
1834.446102,1,809.89366
1732.868394,1,811.294834
1834.446102,1,812.691264
1732.868394,1,814.121841
1732.868394,1,815.595097
1834.446102,1,817.006155
1834.446102,1,818.415947
1834.446102,1,819.901758
1834.446102,1,821.355061
1834.446102,1,822.763635
1834.446102,1,824.210114
1732.868394,1,825.672388
1732.868394,1,827.196947
1732.868394,1,828.646967
1732.868394,1,830.082274
1834.446102,1,831.486709
1732.868394,1,832.890192
1732.868394,1,834.35393
1834.446102,1,835.883599
1834.446102,1,837.364201
1834.446102,1,839.074605
1732.868394,1,840.503455
1732.868394,1,841.902645
1732.868394,1,843.311845
1732.868394,1,844.692485
1834.446102,1,846.056008
1732.868394,1,847.572987
1732.868394,1,849.286952
1732.868394,1,850.78903
1732.868394,1,852.255099
1732.868394,1,853.753956
1834.446102,1,855.779965
1732.868394,1,857.327942
1834.446102,1,858.834788
1732.868394,1,860.343943
1834.446102,1,861.814306
1834.446102,1,863.541764
1834.446102,1,864.89737
1834.446102,1,866.336462
1834.446102,1,867.733019
1834.446102,1,869.424235
1732.868394,1,870.836348
1732.868394,1,872.229809
1834.446102,1,873.65949
1834.446102,1,875.109375
1732.868394,1,876.539174
1732.868394,1,877.94348
1834.446102,1,879.356562
1834.446102,1,880.753268
1834.446102,1,882.142977
1834.446102,1,883.57423
1834.446102,1,885.101205
1834.446102,1,886.55321
1732.868394,1,888.086053
1834.446102,1,889.631427
1732.868394,1,891.340599
1732.868394,1,893.492751
1732.868394,1,894.909287
1834.446102,1,896.338188
1834.446102,1,897.908776
1732.868394,1,899.367753
1834.446102,1,900.820198
1834.446102,1,902.352942
1834.446102,1,903.819115
1732.868394,1,905.295459
1732.868394,1,906.751466
1732.868394,1,908.17718
1732.868394,1,909.602136
1834.446102,1,911.006133
1732.868394,1,912.415907
1732.868394,1,913.812382
1834.446102,1,915.227292
1732.868394,1,916.637466
1834.446102,1,917.968731
1732.868394,1,919.305656
1732.868394,1,920.686034
1732.868394,1,922.028014
1732.868394,1,923.368275
1732.868394,1,924.714126
1732.868394,1,926.069308
1732.868394,1,927.406565
1834.446102,1,928.790544
1732.868394,1,930.2411
1732.868394,1,931.750446
1834.446102,1,933.49467
1732.868394,1,934.938268
1834.446102,1,936.352289
1834.446102,1,937.788914
1834.446102,1,939.19633
1834.446102,1,940.618397
1834.446102,1,942.084419
1732.868394,1,943.562622
1834.446102,1,945.016803
1732.868394,1,946.424627
1834.446102,1,947.856809
1834.446102,1,949.262094
1834.446102,1,950.683462
1834.446102,1,952.120235
1732.868394,1,953.744978
1834.446102,1,955.224635
1832.445811,1,956.811935
1832.445811,1,958.438598
1732.868394,1,959.939418
1732.868394,1,961.455987
1732.868394,1,962.891923
1732.868394,1,964.31644
1832.445811,1,965.793792
1832.445811,1,967.221312
1832.445811,1,968.606248
1832.445811,1,969.992278
1832.445811,1,971.8828
1832.445811,1,973.583324
1732.868394,1,975.190969
1732.868394,1,976.715439
1832.445811,1,978.217798
1732.868394,1,979.928713
1832.445811,1,981.524709
1732.868394,1,983.228954
1732.868394,1,984.691073
1732.868394,1,986.154799
1732.868394,1,987.681337
1732.868394,1,989.136751
1732.868394,1,990.600465
1732.868394,1,992.0613
1832.445811,1,993.778707
1832.445811,1,995.300934
1732.868394,1,996.882313
1832.445811,1,998.375697
1832.445811,1,999.92908
1732.868394,1,1001.378435
1732.868394,1,1002.894083
1732.868394,1,1004.390918
1732.868394,1,1005.974542
1832.445811,1,1007.556014
1836.06972,1,1009.098069
1732.868394,1,1010.705096
1732.868394,1,1012.313432
1836.06972,1,1013.822205
1836.06972,1,1015.338609
1836.06972,1,1016.870609
1836.06972,1,1018.407475
1732.868394,1,1020.406336
1836.06972,1,1021.920223
1732.868394,1,1023.441389
1836.06972,1,1024.941844
1836.06972,1,1026.44566
1732.868394,1,1028.315677
1732.868394,1,1030.061974
1836.06972,1,1031.580822
1836.06972,1,1033.08129
1732.868394,1,1034.57323
1836.06972,1,1036.086844
1732.868394,1,1038.177011
1732.868394,1,1039.639574
1732.868394,1,1041.167921
1732.868394,1,1042.809299
1732.868394,1,1044.410102
1732.868394,1,1046.116973
1836.06972,1,1047.652816
1836.06972,1,1049.178861
1836.06972,1,1050.86853
1836.06972,1,1052.583023
1732.868394,1,1054.29603
1836.06972,1,1055.879505
1836.06972,1,1057.470394
1836.06972,1,1059.117968
1732.868394,1,1061.633052
1732.868394,1,1063.199311
1732.868394,1,1064.778533
1732.868394,1,1066.305822
1836.06972,1,1067.866811
1836.06972,1,1069.711217
1836.06972,1,1071.441032
1836.06972,1,1072.901947
1836.06972,1,1074.371606
1732.868394,1,1075.926225
1732.868394,1,1077.46061
1732.868394,1,1079.131899
1732.868394,1,1080.867449
1836.06972,1,1082.381807
1732.868394,1,1083.837864
1732.868394,1,1085.272818
1732.868394,1,1086.875686
1732.868394,1,1088.417259
1732.868394,1,1089.913364
1836.06972,1,1091.451886
1732.868394,1,1093.011984
1836.06972,1,1094.464687
1732.868394,1,1095.988641
1732.868394,1,1097.447251
1836.06972,1,1098.902726
1732.868394,1,1100.291833
1732.868394,1,1101.689614
1732.868394,1,1103.094134
1836.06972,1,1104.548876
1732.868394,1,1106.155751
1732.868394,1,1107.561242
1836.06972,1,1108.945081
1836.06972,1,1110.341451
1836.06972,1,1112.02061
1836.06972,1,1113.413658
1732.868394,1,1114.807483
1732.868394,1,1116.211008
1732.868394,1,1117.664598
1836.06972,1,1119.411713
1836.06972,1,1120.789416
1836.06972,1,1122.179683
1836.06972,1,1123.567719
1732.868394,1,1124.968745
1836.06972,1,1126.378817
1836.06972,1,1127.783123
1836.06972,1,1129.194139
1836.06972,1,1130.594594
1836.06972,1,1132.038301
1732.868394,1,1133.481435
1732.868394,1,1134.901254
1732.868394,1,1136.355645
1836.06972,1,1137.770338
1732.868394,1,1139.347771
1732.868394,1,1140.777917
1836.06972,1,1142.208196
1732.868394,1,1143.635736
1732.868394,1,1145.057265
1732.868394,1,1146.597189
1732.868394,1,1148.061312
1732.868394,1,1149.48843
1732.868394,1,1150.92113
1836.06972,1,1152.362833
1836.06972,1,1153.887794
1732.868394,1,1155.32576
1836.06972,1,1156.749
1732.868394,1,1158.195761
1836.06972,1,1159.633059
1732.868394,1,1161.113181
1732.868394,1,1162.579402
1836.06972,1,1164.05716
1836.06972,1,1165.56982
1836.06972,1,1167.033505
1732.868394,1,1169.16238
1732.868394,1,1170.628236
1732.868394,1,1172.084352
1732.868394,1,1173.546665
1732.868394,1,1175.008291
1836.06972,1,1176.581243
1836.06972,1,1178.644171
1836.06972,1,1180.115822
1732.868394,1,1181.618148
1836.06972,1,1183.09058
1732.868394,1,1184.576285
1732.868394,1,1186.260694
1836.06972,1,1188.043967
1732.868394,1,1189.509727
1732.868394,1,1190.991445
1836.06972,1,1192.469955
1732.868394,1,1193.950624
1732.868394,1,1195.94176
1836.06972,1,1197.473261
1732.868394,1,1198.9485
1732.868394,1,1200.475316
1836.06972,1,1201.957073
1837.110292,1,1203.475606
1732.868394,1,1205.508492
1837.110292,1,1206.989004
1837.110292,1,1208.468965
1837.110292,1,1209.966814
1837.110292,1,1211.461716
1837.110292,1,1213.023086
1837.110292,1,1214.905035
1837.110292,1,1216.407658
1732.868394,1,1217.929151
1837.110292,1,1219.415756
1732.868394,1,1220.918585
1732.868394,1,1222.714563
1732.868394,1,1224.379103
1837.110292,1,1225.860926
1732.868394,1,1227.351957
1837.110292,1,1228.836694
1837.110292,1,1230.320928
1837.110292,1,1232.272621
1732.868394,1,1233.77136
1837.110292,1,1235.252542
1732.868394,1,1236.753957
1837.110292,1,1238.230989
1732.868394,1,1239.739253
1732.868394,1,1241.627286
1732.868394,1,1243.119926
1837.110292,1,1244.601307
1732.868394,1,1246.077898
1732.868394,1,1247.589179
1837.110292,1,1249.164289
1732.868394,1,1251.037079
1732.868394,1,1252.549106
1732.868394,1,1254.061775
1732.868394,1,1255.568579
1837.110292,1,1257.073395
1837.110292,1,1258.725108
1732.868394,1,1260.412806
1732.868394,1,1261.913492
1837.110292,1,1263.40402
1837.110292,1,1264.900347
1837.110292,1,1266.453502
1732.868394,1,1268.226318
1732.868394,1,1270.079159
1732.868394,1,1271.577863
1837.110292,1,1273.100456
1837.110292,1,1274.606662
1732.868394,1,1276.123445
1732.868394,1,1277.789404
1837.110292,1,1279.458814
1732.868394,1,1280.973597
1732.868394,1,1282.486287
1837.110292,1,1283.981982
1732.868394,1,1285.490964
1732.868394,1,1287.239767
1837.110292,1,1289.147329
1837.110292,1,1290.64958
1732.868394,1,1292.164137
1732.868394,1,1293.680636
1732.868394,1,1295.213426
1837.110292,1,1296.727378
1837.110292,1,1298.708985
1732.868394,1,1300.335181
1837.110292,1,1301.964464
1837.110292,1,1303.572271
1837.110292,1,1305.169366
1837.110292,1,1306.767438
1732.868394,1,1308.400051
1732.868394,1,1310.315784
1837.110292,1,1312.352523
1837.110292,1,1314.251378
1732.868394,1,1315.877272
1837.110292,1,1317.481516
1732.868394,1,1319.100967
1732.868394,1,1320.707651
1837.110292,1,1322.313823
1732.868394,1,1323.945144
1837.110292,1,1325.825244
1837.110292,1,1328.008929
1837.110292,1,1329.709579
1837.110292,1,1331.308102
1732.868394,1,1332.936381
1732.868394,1,1334.573278
1837.110292,1,1336.197012
1837.110292,1,1337.819324
1837.110292,1,1339.510377
1837.110292,1,1341.473067
1837.110292,1,1343.63562
1837.110292,1,1345.262258
1837.110292,1,1346.894205
1732.868394,1,1348.527664
1732.868394,1,1350.149583
1732.868394,1,1351.733522
1732.868394,1,1353.241321
1837.110292,1,1354.99492
1732.868394,1,1356.490418
1732.868394,1,1357.996476
1837.110292,1,1359.496783
1732.868394,1,1361.014167
1837.110292,1,1362.534668
1732.868394,1,1364.332894
1837.110292,1,1365.843231
1732.868394,1,1367.397313
1732.868394,1,1369.042384
1837.110292,1,1370.640937
1732.868394,1,1372.298409
1837.110292,1,1374.170727
1732.868394,1,1375.836991
1732.868394,1,1377.430231
1732.868394,1,1379.027823
1732.868394,1,1380.626144
1732.868394,1,1382.237797
1732.868394,1,1383.849312
1732.868394,1,1385.471244
1837.110292,1,1387.096742
1732.868394,1,1388.70568
1732.868394,1,1390.35275
1732.868394,1,1392.250293
1732.868394,1,1394.158113
1732.868394,1,1396.090035
1732.868394,1,1398.339266
1732.868394,1,1399.971129
1837.110292,1,1401.643052
1732.868394,1,1403.407624
1837.110292,1,1405.07756
1732.868394,1,1406.77472
1732.868394,1,1408.466546
1837.110292,1,1410.518868
1732.868394,1,1412.184903
1732.868394,1,1413.796066
1837.110292,1,1415.474225
1837.110292,1,1417.301769
1837.110292,1,1418.998726
1732.868394,1,1421.3345
1837.110292,1,1422.881456
1732.868394,1,1424.473499
1837.110292,1,1426.017625
1732.868394,1,1427.593814
1837.110292,1,1429.818281
1837.110292,1,1431.40078
1837.110292,1,1432.991983
1732.868394,1,1435.48441
1837.110292,1,1437.593484
1732.868394,1,1439.250386
1837.110292,1,1440.823211
1837.110292,1,1442.420168
1837.110292,1,1443.986254
1732.868394,1,1446.190896
1732.868394,1,1447.820263
1837.110292,1,1449.390285
1732.868394,1,1450.920468
1837.110292,1,1452.48705
1732.868394,1,1454.857996
1837.110292,1,1456.722713
1837.110292,1,1458.896092
1732.868394,1,1460.865798
1732.868394,1,1462.837808
1732.868394,1,1464.600935
1837.110292,1,1466.238524
1732.868394,1,1467.916667
1837.110292,1,1469.554893
1837.110292,1,1471.57657
1837.110292,1,1473.17176
1732.868394,1,1474.728797
1837.110292,1,1476.268971
1837.110292,1,1477.986513
1837.110292,1,1479.547445
1837.110292,1,1481.100533
1732.868394,1,1482.686877
1732.868394,1,1484.294934
1732.868394,1,1485.905391
1837.110292,1,1487.501176
1732.868394,1,1489.054482
1732.868394,1,1490.622018
1732.868394,1,1492.15384
1732.868394,1,1494.258497
1732.868394,1,1495.805444
1732.868394,1,1497.352644
1732.868394,1,1498.925353
1837.110292,1,1500.471969
1837.110292,1,1502.469913
1837.110292,1,1504.09354
1837.110292,1,1505.655687
1732.868394,1,1507.234984
1837.110292,1,1508.813002
1732.868394,1,1510.457632
1837.110292,1,1512.106119
1732.868394,1,1513.699998
1732.868394,1,1515.32686
1837.110292,1,1516.972093
1837.110292,1,1518.531106
1732.868394,1,1520.179971
1732.868394,1,1521.786836
1732.868394,1,1523.343905
1732.868394,1,1525.521489
1732.868394,1,1527.171026
1732.868394,1,1528.751152
1732.868394,1,1530.310221
1837.110292,1,1531.850188
1837.110292,1,1533.514285
1837.110292,1,1535.54827
1837.110292,1,1537.07842
1732.868394,1,1538.627375
1732.868394,1,1540.306223
1837.110292,1,1541.960642
1732.868394,1,1543.737841
1837.110292,1,1545.742041
1732.868394,1,1547.399739
1732.868394,1,1549.070588
1837.110292,1,1550.742206
1837.110292,1,1552.38122
1732.868394,1,1554.020386
1732.868394,1,1556.05708
1837.110292,1,1557.711315
1732.868394,1,1559.364071
1837.110292,1,1561.002685
1837.110292,1,1562.652004
1732.868394,1,1564.386683
1732.868394,1,1566.226663
1732.868394,1,1568.115395
1837.110292,1,1569.757029
1837.110292,1,1571.393732
1837.110292,1,1573.042083
1732.868394,1,1574.739147
1837.110292,1,1576.39963
1732.868394,1,1578.486053
1732.868394,1,1580.16078
1837.110292,1,1581.829387
1837.110292,1,1583.475574
1732.868394,1,1585.166477
1732.868394,1,1586.912737
1732.868394,1,1589.407065
1837.110292,1,1591.097312
1837.110292,1,1592.847719
1837.110292,1,1594.513627
1732.868394,1,1596.278975
1732.868394,1,1598.19714
1732.868394,1,1600.075618
1837.110292,1,1601.721262
1732.868394,1,1603.472958
1732.868394,1,1605.165102
1837.110292,1,1606.777122
1732.868394,1,1608.542174
1837.110292,1,1610.614567
1837.110292,1,1612.209144
1732.868394,1,1613.827791
1837.110292,1,1615.410334
1837.110292,1,1616.993058
1837.110292,1,1618.576382
1732.868394,1,1620.411545
1837.110292,1,1622.140503
1837.110292,1,1623.724864
1837.110292,1,1625.317921
1837.110292,1,1626.893258
1732.868394,1,1628.501117
1837.110292,1,1630.033112
1732.868394,1,1632.187686
1732.868394,1,1633.664669
1732.868394,1,1635.172271
1837.110292,1,1636.649121
1732.868394,1,1638.165838
1837.110292,1,1639.648379
1837.110292,1,1641.116284
1732.868394,1,1642.582407
1732.868394,1,1644.065536
1837.110292,1,1645.526225
1837.110292,1,1647.201632
1732.868394,1,1648.794568
1837.110292,1,1650.364967
1837.110292,1,1651.935524
1837.110292,1,1653.520118
1837.110292,1,1655.196698
1732.868394,1,1657.031168
1732.868394,1,1658.525815
1837.110292,1,1659.987846
1732.868394,1,1661.507184
1837.110292,1,1663.002444
1732.868394,1,1665.129327
1732.868394,1,1666.611266
1732.868394,1,1668.124291
1732.868394,1,1669.620147
1837.110292,1,1671.133744
1837.110292,1,1672.876033
1837.110292,1,1674.777068
1837.110292,1,1676.270283
1837.110292,1,1677.767078
1837.110292,1,1679.29022
1837.110292,1,1680.822913
1837.110292,1,1683.025625
1732.868394,1,1684.646769
1732.868394,1,1686.279659
1732.868394,1,1687.904233
1732.868394,1,1689.539469
1732.868394,1,1691.180523
1837.110292,1,1692.839813
1732.868394,1,1694.843962
1837.110292,1,1696.343369
1837.110292,1,1697.833757
1732.868394,1,1699.320224
1837.110292,1,1700.793675
1732.868394,1,1702.771676
1837.110292,1,1704.376819
1732.868394,1,1705.874436
1732.868394,1,1707.35474
1837.110292,1,1708.82653
1732.868394,1,1710.441602
1837.110292,1,1712.5008
1732.868394,1,1713.967994
1732.868394,1,1715.472523
1732.868394,1,1716.913299
1732.868394,1,1718.359035
1837.110292,1,1719.762169
1732.868394,1,1721.183673
1732.868394,1,1722.826005
1837.110292,1,1724.283674
1732.868394,1,1725.704989
1837.110292,1,1727.107052
1837.110292,1,1728.532852
1837.110292,1,1729.941588
1837.110292,1,1731.367397
1837.110292,1,1732.766201
1837.110292,1,1734.253753
1837.110292,1,1736.279674
1732.868394,1,1738.461336
1837.110292,1,1740.307466
1837.110292,1,1742.033028
1732.868394,1,1743.655628
1732.868394,1,1745.174398
1732.868394,1,1747.044954
1732.868394,1,1749.218046
1837.110292,1,1750.608775
1837.110292,1,1751.95602
1732.868394,1,1753.315763
1837.110292,1,1754.655204
1732.868394,1,1756.005671
1837.110292,1,1757.365355
1837.110292,1,1758.718118
1732.868394,1,1760.338006
1837.110292,1,1761.663382
1837.110292,1,1763.03825
1837.110292,1,1764.409452
1732.868394,1,1765.789518
1732.868394,1,1767.187144
1837.110292,1,1768.576959
1732.868394,1,1769.978679
1732.868394,1,1771.543535
1837.110292,1,1773.221612
1837.110292,1,1774.897583
1837.110292,1,1776.326082
1837.110292,1,1777.707472
1732.868394,1,1779.09347
1837.110292,1,1780.53458
1732.868394,1,1781.97525
1837.110292,1,1783.462759
1837.110292,1,1784.887743
1732.868394,1,1786.45899
1837.110292,1,1788.222164
1732.868394,1,1789.728059
1837.110292,1,1791.1573
1732.868394,1,1792.927788
1837.110292,1,1794.590296
1837.110292,1,1795.915291
1837.110292,1,1797.253594
1837.110292,1,1798.630628
1732.868394,1,1799.976376
1732.868394,1,1801.322356
1837.110292,1,1802.672757
1837.110292,1,1804.016465
1837.110292,1,1805.587668
1732.868394,1,1807.103952
1837.110292,1,1808.437941
1732.868394,1,1809.782943
1732.868394,1,1811.120786
1732.868394,1,1812.449632
1837.110292,1,1813.785373
1732.868394,1,1815.138273
1837.110292,1,1816.499679
1732.868394,1,1818.208352
1732.868394,1,1819.576098
1732.868394,1,1820.939059
1732.868394,1,1822.439568
1732.868394,1,1823.901329
1732.868394,1,1825.295323
1732.868394,1,1827.394152
1732.868394,1,1828.917371
1732.868394,1,1830.460359
1837.110292,1,1832.049143
1732.868394,1,1833.553387
1837.110292,1,1835.13369
1837.110292,1,1836.572836
1837.110292,1,1837.963905
1837.110292,1,1839.379131
1732.868394,1,1840.812663
1732.868394,1,1842.359134
1732.868394,1,1843.77908
1732.868394,1,1845.203483
1732.868394,1,1846.628469
1837.110292,1,1848.06447
1732.868394,1,1849.564855
1837.110292,1,1850.987989
1837.110292,1,1852.397876
1837.110292,1,1853.805733
1837.110292,1,1855.259117
1837.110292,1,1856.683261
1732.868394,1,1858.099506
1732.868394,1,1859.523162
1732.868394,1,1860.977358
1732.868394,1,1862.465322
1732.868394,1,1863.905629
1732.868394,1,1865.336344
1732.868394,1,1866.773698
1837.110292,1,1868.181672
1837.110292,1,1869.769207
1837.110292,1,1871.201276
1732.868394,1,1872.650214
1837.110292,1,1874.09818
1837.110292,1,1875.549018
1837.110292,1,1877.063945
1837.110292,1,1878.59805
1732.868394,1,1880.074673
1732.868394,1,1881.505672
1732.868394,1,1883.044142
1837.110292,1,1884.607242
1732.868394,1,1886.058472
1732.868394,1,1887.562257
1837.110292,1,1889.047996
1837.110292,1,1890.738705
1837.110292,1,1892.248133
1837.110292,1,1893.746818
1732.868394,1,1895.24035
1732.868394,1,1896.724799
1732.868394,1,1898.439314
1837.110292,1,1899.937337
1837.110292,1,1901.413555
1837.110292,1,1902.889944
1837.110292,1,1904.609507
1732.868394,1,1906.107101
1732.868394,1,1907.618727
1732.868394,1,1909.132667
1837.110292,1,1910.624974
1837.110292,1,1912.338048
1837.110292,1,1913.837427
1732.868394,1,1915.313727
1732.868394,1,1916.827605
1837.110292,1,1918.586639
1732.868394,1,1920.068824
1837.110292,1,1921.524764
1837.110292,1,1923.012539
1732.868394,1,1924.522351
1732.868394,1,1926.215157
1732.868394,1,1927.690253
1837.110292,1,1929.175241
1837.110292,1,1930.644721
1837.110292,1,1932.303804
1837.110292,1,1933.820861
1732.868394,1,1935.33083
1837.110292,1,1936.797056
1837.110292,1,1938.275993
1837.110292,1,1939.953282
1837.110292,1,1941.416571
1732.868394,1,1942.934207
1732.868394,1,1944.406907
1732.868394,1,1946.01791
1837.110292,1,1947.520943
1837.110292,1,1949.000366
1837.110292,1,1950.483927
1837.110292,1,1952.018149
1837.110292,1,1953.515278
1837.110292,1,1955.25363
1837.110292,1,1956.859699
1732.868394,1,1958.601792
1732.868394,1,1960.36686
1732.868394,1,1962.092768
1837.110292,1,1963.719816
1732.868394,1,1965.784569
1837.110292,1,1967.413168
1732.868394,1,1969.074854
1732.868394,1,1970.719553
1732.868394,1,1972.46262
1837.110292,1,1974.059217
1837.110292,1,1975.668767
1732.868394,1,1977.256116
1732.868394,1,1978.873015
1837.110292,1,1980.429826
1732.868394,1,1982.030424
1837.110292,1,1983.593247
1837.110292,1,1985.432014
1732.868394,1,1987.088901
1837.110292,1,1988.608927
1732.868394,1,1990.158913
1837.110292,1,1991.68473
1732.868394,1,1993.209227
1837.110292,1,1994.714115
1732.868394,1,1996.294066
1732.868394,1,1997.919397
1732.868394,1,1999.537832
1732.868394,1,2001.182701
1732.868394,1,2002.892262
1837.110292,1,2004.625027
1732.868394,1,2006.269011
1837.110292,1,2007.900276
1837.110292,1,2009.610961
1732.868394,1,2011.30911
1837.110292,1,2013.678336
1837.110292,1,2015.235232
1837.110292,1,2016.80197
1732.868394,1,2018.691796
1732.868394,1,2020.710182
1732.868394,1,2022.551112
1837.110292,1,2024.221069
1732.868394,1,2025.963313
1837.110292,1,2027.819609
1837.110292,1,2029.319251
1732.868394,1,2030.818805
1732.868394,1,2032.368565
1732.868394,1,2033.987959
1732.868394,1,2035.560398
1732.868394,1,2037.188629
1732.868394,1,2038.764528
1732.868394,1,2040.501876
1837.110292,1,2042.026287
1837.110292,1,2043.879324
1837.110292,1,2045.405796
1732.868394,1,2046.931809
1732.868394,1,2048.640816
1837.110292,1,2050.252195
1837.110292,1,2052.389659
1837.110292,1,2054.04383
1837.110292,1,2055.640595
1732.868394,1,2057.120673
1732.868394,1,2058.614469
1837.110292,1,2060.068076
1837.110292,1,2061.497992
1837.110292,1,2062.921869
1732.868394,1,2064.592655
1837.110292,1,2066.12536
1732.868394,1,2067.743917
1732.868394,1,2069.361185
1732.868394,1,2070.965393
1732.868394,1,2072.656552
1837.110292,1,2074.362285
1732.868394,1,2075.9478
1732.868394,1,2077.56204
1732.868394,1,2080.00277
1732.868394,1,2081.512587
1837.110292,1,2083.011781
1732.868394,1,2084.518659
1732.868394,1,2086.178683
1837.110292,1,2087.879276
1732.868394,1,2089.51994
1732.868394,1,2091.216372
1732.868394,1,2092.942341
1732.868394,1,2094.959304
1732.868394,1,2096.998747
1732.868394,1,2098.601086
1837.110292,1,2100.216503
1732.868394,1,2101.954463
1732.868394,1,2103.661804
1837.110292,1,2105.194009
1837.110292,1,2106.766411
1732.868394,1,2108.32527
1732.868394,1,2109.887454
1732.868394,1,2111.723767
1732.868394,1,2113.215129
1837.110292,1,2114.737404
1732.868394,1,2116.244566
1732.868394,1,2117.976961
1732.868394,1,2119.472761
1837.110292,1,2120.971937
1732.868394,1,2122.513181
1837.110292,1,2124.022523
1837.110292,1,2125.776173
1732.868394,1,2127.269513
1732.868394,1,2128.801693
1732.868394,1,2130.287393
1732.868394,1,2132.008527
1837.110292,1,2133.504339
1837.110292,1,2134.982731
1732.868394,1,2136.481636
1732.868394,1,2138.002169
1837.110292,1,2139.778241
1732.868394,1,2141.431423
1732.868394,1,2143.115809
1837.110292,1,2144.731891
1837.110292,1,2146.352375
1732.868394,1,2148.387501
1832.272558,1,2150.176138
1732.868394,1,2151.79125
1832.272558,1,2153.411488
1832.272558,1,2155.081723
1732.868394,1,2156.786505
1832.272558,1,2159.328388
1732.868394,1,2161.024187
1732.868394,1,2162.764973
1832.272558,1,2164.381873
1732.868394,1,2165.958294
1832.272558,1,2168.008443
1732.868394,1,2169.476774
1832.272558,1,2170.94002
1732.868394,1,2172.540652
1832.272558,1,2174.150887
1832.272558,1,2176.177978
1732.868394,1,2178.028081
1732.868394,1,2179.620317
1832.272558,1,2181.207766
1832.272558,1,2182.804821
1832.272558,1,2184.400264
1832.272558,1,2186.5231
1732.868394,1,2188.309921
1832.272558,1,2190.02985
1732.868394,1,2191.638272
1832.272558,1,2193.239527
1732.868394,1,2195.23038
1732.868394,1,2197.227627
1832.272558,1,2198.773874
1732.868394,1,2200.343832
1832.272558,1,2201.982528
1732.868394,1,2203.663722
1732.868394,1,2205.272851
1832.272558,1,2207.052582
1732.868394,1,2208.698245
1832.272558,1,2210.288811
1832.272558,1,2211.893708
1732.868394,1,2213.762108
1732.868394,1,2215.801981
1732.868394,1,2217.383391
1732.868394,1,2218.965365
1832.272558,1,2220.551385
1732.868394,1,2222.183872
1732.868394,1,2224.291078
1832.272558,1,2225.796433
1732.868394,1,2227.341588
1732.868394,1,2228.844648
1732.868394,1,2230.477127
1832.272558,1,2232.13416
1732.868394,1,2233.614066
1732.868394,1,2235.109402
1832.272558,1,2236.554796
1732.868394,1,2238.130824
1732.868394,1,2239.612848
1732.868394,1,2241.125201
1832.272558,1,2242.613719
1832.272558,1,2244.128667
1832.272558,1,2245.62606
1732.868394,1,2247.147449
1832.272558,1,2248.633839
1732.868394,1,2250.528796
1732.868394,1,2252.050279
1832.272558,1,2253.533732
1832.272558,1,2255.02941
1732.868394,1,2256.51845
1732.868394,1,2258.257679
1832.272558,1,2259.745263
1832.272558,1,2261.251214
1832.272558,1,2262.778261
1832.272558,1,2264.349393
1732.868394,1,2266.164508
1732.868394,1,2267.771238
1832.272558,1,2269.469293
1832.272558,1,2271.075684
1732.868394,1,2272.702407
1832.272558,1,2274.243476
1832.272558,1,2275.785019
1732.868394,1,2277.341868
1832.272558,1,2279.10863
1832.272558,1,2280.666562
1832.272558,1,2282.125245
1832.272558,1,2283.709165
1832.272558,1,2285.462901
1732.868394,1,2287.13066
1732.868394,1,2288.742805
1732.868394,1,2290.410761
1732.868394,1,2292.057376
1732.868394,1,2293.669921
1732.868394,1,2295.27859
1732.868394,1,2296.846417
1832.272558,1,2298.441163
1832.272558,1,2300.474147
1732.868394,1,2302.039103
1732.868394,1,2303.53241
1832.272558,1,2304.985161
1832.272558,1,2306.433875
1732.868394,1,2307.878994
1832.272558,1,2309.522519
1832.272558,1,2311.072216
1832.272558,1,2312.652303
1832.272558,1,2314.197876
1832.272558,1,2315.760419
1832.272558,1,2317.569136
1832.272558,1,2319.396128
1732.868394,1,2320.857183
1832.272558,1,2322.329726
1732.868394,1,2323.775466
1732.868394,1,2325.587354
1832.272558,1,2327.043325
1832.272558,1,2328.521794
1832.272558,1,2329.971339
1832.272558,1,2331.478575
1832.272558,1,2332.940839
1832.272558,1,2334.417755
1832.272558,1,2335.894622
1732.868394,1,2337.386904
1832.272558,1,2338.875194
1732.868394,1,2340.363845
1832.272558,1,2341.844839
1732.868394,1,2343.382331
1732.868394,1,2345.198267
1832.272558,1,2346.690393
1732.868394,1,2348.16598
1732.868394,1,2349.760432
1732.868394,1,2351.386632
1832.272558,1,2352.985385
1732.868394,1,2354.717299
1832.272558,1,2356.336416
1732.868394,1,2357.986857
1732.868394,1,2359.721318
1832.272558,1,2361.444182
1732.868394,1,2362.986852
1732.868394,1,2364.50058
1732.868394,1,2366.362801
1832.272558,1,2367.867965
1832.272558,1,2369.307827
1832.272558,1,2370.78652
1732.868394,1,2372.270798
1832.272558,1,2373.757462
1732.868394,1,2375.165244
1832.272558,1,2376.561066
1832.272558,1,2378.001316
1732.868394,1,2379.544822
1832.272558,1,2381.017669
1832.272558,1,2382.483233
1732.868394,1,2383.976425
1832.272558,1,2385.611047
1832.272558,1,2387.369972
1732.868394,1,2388.918795
1732.868394,1,2390.523423
1732.868394,1,2392.2234
1832.272558,1,2393.846071
1832.272558,1,2395.902384
1832.272558,1,2397.5147
1832.272558,1,2399.076719
1732.868394,1,2400.685781
1832.272558,1,2402.280465
1732.868394,1,2404.343696
1832.272558,1,2405.932226
1832.272558,1,2407.52471
1732.868394,1,2409.109835
1732.868394,1,2410.70665
1732.868394,1,2412.290713
1732.868394,1,2414.35885
1832.272558,1,2415.89396
1832.272558,1,2417.451487
1832.272558,1,2418.957958
1732.868394,1,2420.498743
1832.272558,1,2422.024507
1732.868394,1,2423.96766
1732.868394,1,2425.502144
1732.868394,1,2427.021318
1732.868394,1,2428.533913
1732.868394,1,2429.999866
1832.272558,1,2431.497044
1832.272558,1,2432.934715
1832.272558,1,2434.358302
1732.868394,1,2435.841847
1732.868394,1,2437.674619
1732.868394,1,2439.163504
1732.868394,1,2440.621858
1832.272558,1,2442.211267
1732.868394,1,2443.81874
1732.868394,1,2445.794246
1732.868394,1,2447.595064
1832.272558,1,2449.158969
1732.868394,1,2450.763266
1732.868394,1,2452.357237
1732.868394,1,2453.933083
1732.868394,1,2455.856905
1732.868394,1,2457.648371
1732.868394,1,2459.21699
1732.868394,1,2460.792705
1832.272558,1,2462.348528
1832.272558,1,2463.915246
1732.868394,1,2465.451374
1732.868394,1,2466.958473
1732.868394,1,2468.445922
1832.272558,1,2469.975529
1832.272558,1,2471.726129
1832.272558,1,2473.220778
1832.272558,1,2474.721962
1832.272558,1,2476.222425
1732.868394,1,2478.098342
1732.868394,1,2479.675798
1832.272558,1,2481.236408
1832.272558,1,2482.771021
1832.272558,1,2484.283673
1832.272558,1,2486.426517
1732.868394,1,2487.908479
1832.272558,1,2489.369048
1732.868394,1,2490.842346
1832.272558,1,2492.312313
1832.272558,1,2493.984485
1832.272558,1,2495.435261
1732.868394,1,2496.94333
1832.272558,1,2498.425044
1832.272558,1,2499.929739
1732.868394,1,2501.586596
1832.272558,1,2503.071424
1832.272558,1,2504.535885
1732.868394,1,2506.015136
1732.868394,1,2507.748651
1832.272558,1,2509.202776
1732.868394,1,2510.669191
1732.868394,1,2512.43392
1832.272558,1,2514.701125
1732.868394,1,2516.598892
1832.272558,1,2518.517002
1832.272558,1,2520.398358
1832.272558,1,2521.876537
1832.272558,1,2523.341156
1832.272558,1,2524.94457
1732.868394,1,2526.484675
1832.272558,1,2528.077841
1732.868394,1,2529.534424
1832.272558,1,2530.9711
1732.868394,1,2532.550073
1732.868394,1,2534.152988
1832.272558,1,2535.731539
1732.868394,1,2537.179695
1832.272558,1,2538.770209
1732.868394,1,2540.250758
1832.272558,1,2541.788663
1832.272558,1,2543.202406
1832.272558,1,2544.70747
1832.272558,1,2546.135931
1832.272558,1,2547.735326
1832.272558,1,2550.040637
1732.868394,1,2552.101592
1732.868394,1,2554.01137
1832.272558,1,2555.799964
1732.868394,1,2557.638994
1732.868394,1,2559.50975
1732.868394,1,2561.104981
1732.868394,1,2562.766766
1732.868394,1,2564.321473
1832.272558,1,2565.899951
1832.272558,1,2567.400752
1832.272558,1,2569.003475
1732.868394,1,2570.589149
1732.868394,1,2572.186479
1832.272558,1,2574.265484
1832.272558,1,2575.858577
1832.272558,1,2577.405588
1832.272558,1,2578.933284
1732.868394,1,2580.503048
1732.868394,1,2582.178954
1832.272558,1,2584.250272
1732.868394,1,2585.72482
1732.868394,1,2587.23486
1732.868394,1,2588.717036
1732.868394,1,2590.214493
1732.868394,1,2591.830261
1832.272558,1,2593.281243
1732.868394,1,2594.72643
1732.868394,1,2596.194235
1732.868394,1,2597.80884
1832.272558,1,2599.261405
1832.272558,1,2600.843031
1732.868394,1,2602.41936
1832.272558,1,2603.958039
1732.868394,1,2605.559434
1832.272558,1,2607.531768
1732.868394,1,2609.165133
1832.272558,1,2610.888574
1732.868394,1,2612.47241
1732.868394,1,2613.979651
1732.868394,1,2616.128023
1832.272558,1,2617.967524
1832.272558,1,2619.672789
1832.272558,1,2621.274626
1732.868394,1,2622.879344
1732.868394,1,2625.108176
1832.272558,1,2626.705987
1832.272558,1,2628.342103
1832.272558,1,2629.957074
1732.868394,1,2631.517479
1732.868394,1,2633.2249
1732.868394,1,2634.976141
1832.272558,1,2636.542067
1832.272558,1,2638.114802
1832.272558,1,2639.672647
1732.868394,1,2641.243739
1732.868394,1,2643.208499
1832.272558,1,2644.9622
1832.272558,1,2646.444175
1832.272558,1,2647.931485
1732.868394,1,2649.445261
1732.868394,1,2650.947138
1732.868394,1,2652.469682
1832.272558,1,2654.063754
1732.868394,1,2655.698585
1732.868394,1,2657.318912
1732.868394,1,2658.804051
1832.272558,1,2660.978099
1832.272558,1,2662.44495
1732.868394,1,2663.966197
1732.868394,1,2665.480326
1732.868394,1,2666.916756
1832.272558,1,2668.643139
1832.272558,1,2670.123425
1832.272558,1,2671.597228
1732.868394,1,2673.053625
1732.868394,1,2674.665426
1832.272558,1,2676.177862
1832.272558,1,2677.691273
1832.272558,1,2679.198803
1832.272558,1,2680.674595
1732.868394,1,2682.224918
1732.868394,1,2683.706541
1732.868394,1,2685.199245
1732.868394,1,2686.673584
1732.868394,1,2688.166246
1832.272558,1,2689.778753
1732.868394,1,2691.277676
1732.868394,1,2692.754254
1732.868394,1,2694.236552
1832.272558,1,2695.847094
1832.272558,1,2697.317106
1732.868394,1,2698.805381
1732.868394,1,2700.303849
1732.868394,1,2701.78084
1732.868394,1,2703.37733
1732.868394,1,2704.883269
1832.272558,1,2706.407306
1732.868394,1,2707.94974
1732.868394,1,2709.58417
1832.272558,1,2711.208569
1832.272558,1,2712.791644
1832.272558,1,2714.418482
1732.868394,1,2716.019762
1732.868394,1,2718.095326
1832.272558,1,2720.123814
1832.272558,1,2721.776191
1832.272558,1,2723.456537
1732.868394,1,2725.159158
1832.272558,1,2726.990657
1832.272558,1,2729.088162
1832.272558,1,2730.673879
1832.272558,1,2732.411
1832.272558,1,2734.147662
1832.272558,1,2735.904544
1832.272558,1,2737.713334
1732.868394,1,2739.402238
1832.272558,1,2741.103167
1732.868394,1,2742.863616
1732.868394,1,2745.318486
1832.272558,1,2746.956724
1732.868394,1,2748.565113
1832.272558,1,2750.169533
1732.868394,1,2751.773697
1732.868394,1,2753.372558
1832.272558,1,2755.341687
1732.868394,1,2756.909157
1832.272558,1,2758.485294
1832.272558,1,2760.041968
1832.272558,1,2761.606863
1832.272558,1,2763.196554
1732.868394,1,2765.253297
1832.272558,1,2766.849895
1832.272558,1,2768.455384
1832.272558,1,2770.067146
1832.272558,1,2771.669795
1832.272558,1,2773.265018
1832.272558,1,2775.272453
1732.868394,1,2777.153691
1732.868394,1,2778.775545
1732.868394,1,2780.385859
1732.868394,1,2781.983681
1732.868394,1,2783.526194
1832.272558,1,2785.266144
1732.868394,1,2787.089915
1832.272558,1,2788.755701
1832.272558,1,2790.399758
1732.868394,1,2791.88674
1832.272558,1,2793.36288
1732.868394,1,2795.316355
1732.868394,1,2796.814307
1732.868394,1,2798.308575
1832.272558,1,2799.819147
1732.868394,1,2801.397711
1832.272558,1,2803.160444
1732.868394,1,2804.763739
1732.868394,1,2806.486868
1732.868394,1,2808.155363
1732.868394,1,2810.197165
1732.868394,1,2812.132806
1732.868394,1,2813.680409
1732.868394,1,2815.196433
1832.272558,1,2816.724888
1832.272558,1,2818.295048
1732.868394,1,2819.80598
1732.868394,1,2821.322517
1732.868394,1,2822.871618
1832.272558,1,2824.377189
1832.272558,1,2825.965603
1832.272558,1,2827.43396
1832.272558,1,2828.893495
1832.272558,1,2830.354781
1832.272558,1,2831.919949
1732.868394,1,2833.432654
1732.868394,1,2834.918193
1832.272558,1,2836.390111
1732.868394,1,2837.872844
1732.868394,1,2839.414317
1832.272558,1,2840.897154
1832.272558,1,2842.379718
1832.272558,1,2843.850521
1732.868394,1,2845.348226
1832.272558,1,2846.953769
1832.272558,1,2848.474315
1732.868394,1,2850.002836
1732.868394,1,2851.64951
1732.868394,1,2853.299448
1832.272558,1,2855.243176
1732.868394,1,2857.136965
1832.272558,1,2858.77913
1732.868394,1,2860.344504
1732.868394,1,2861.812444
1732.868394,1,2863.276234
1832.272558,1,2865.359657
1832.272558,1,2866.802113
1732.868394,1,2868.28345
1732.868394,1,2869.752886
1832.272558,1,2871.204357
1732.868394,1,2872.992795
1732.868394,1,2874.491396
1832.272558,1,2875.955744
1832.272558,1,2877.465239
1732.868394,1,2879.024734
1732.868394,1,2880.584467
1832.272558,1,2882.094359
1732.868394,1,2883.622565
1832.272558,1,2885.134409
1832.272558,1,2886.696726
1832.272558,1,2888.207345
1832.272558,1,2889.719867
1832.272558,1,2891.215681
1732.868394,1,2892.73426
1732.868394,1,2894.850041
1832.272558,1,2896.447282
1832.272558,1,2897.971882
1732.868394,1,2899.478849
1832.272558,1,2900.970824
1732.868394,1,2902.497567
1732.868394,1,2904.001662
1732.868394,1,2905.512546
1832.272558,1,2907.046936
1832.272558,1,2908.601133
1732.868394,1,2910.140498
1732.868394,1,2911.648958
1732.868394,1,2913.174323
1732.868394,1,2914.691142
1832.272558,1,2916.226059
1732.868394,1,2917.751583
1832.272558,1,2919.256366
1732.868394,1,2920.759205
1832.272558,1,2922.241569
1732.868394,1,2923.833688
1732.868394,1,2925.345697
1832.272558,1,2926.846899
1732.868394,1,2928.367323
1732.868394,1,2929.886679
1832.272558,1,2931.500112
1832.272558,1,2933.186464
1732.868394,1,2934.857166
1732.868394,1,2936.548662
1832.272558,1,2938.291914
1732.868394,1,2940.045246
1732.868394,1,2942.138905
1732.868394,1,2943.759898
1732.868394,1,2945.372353
1832.272558,1,2946.992154
1732.868394,1,2948.634266
1832.272558,1,2950.431866
1732.868394,1,2952.260523
1832.272558,1,2953.732383
1732.868394,1,2955.214056
1732.868394,1,2956.713534
1732.868394,1,2958.412813
1832.272558,1,2959.901171
1732.868394,1,2961.401496
1832.272558,1,2962.926514
1732.868394,1,2964.432737
1832.272558,1,2965.971269
1832.272558,1,2967.465705
1732.868394,1,2968.96383
1832.272558,1,2970.46466
1832.272558,1,2972.109695
1832.272558,1,2973.76736
1832.272558,1,2975.367723
1732.868394,1,2976.905314
1732.868394,1,2978.434195
1732.868394,1,2980.060454
1832.272558,1,2981.541759
1732.868394,1,2983.171338
1832.272558,1,2984.820987
1832.272558,1,2986.445335
1732.868394,1,2988.124569
1732.868394,1,2990.091724
1732.868394,1,2991.724653
1832.272558,1,2993.421222
1832.272558,1,2995.00787
1832.272558,1,2996.56579
1832.272558,1,2998.098863
1832.272558,1,3000.107916
1832.272558,1,3001.658512
1732.868394,1,3003.170493
1732.868394,1,3004.713925
1832.272558,1,3006.2236
1832.272558,1,3008.454184
1832.272558,1,3009.981804
1732.868394,1,3011.525227
1732.868394,1,3013.085881
1832.272558,1,3014.621507
1732.868394,1,3016.36003
1732.868394,1,3018.317089
1732.868394,1,3019.854029
1832.272558,1,3021.37928
1832.272558,1,3022.879666
1732.868394,1,3024.497973
1832.272558,1,3026.517902
1732.868394,1,3028.100361
1832.272558,1,3029.59971
1732.868394,1,3031.177865
1832.272558,1,3032.729318
1832.272558,1,3034.530647
1832.272558,1,3036.420525
1832.272558,1,3037.953525
1832.272558,1,3039.473391
1832.272558,1,3041.00065
1832.272558,1,3042.530521
1832.272558,1,3044.769269
1732.868394,1,3046.418076
1832.272558,1,3048.080287
1832.272558,1,3049.60903
1732.868394,1,3051.163099
1832.272558,1,3052.872875
1832.272558,1,3054.735886
1832.272558,1,3056.393526
1732.868394,1,3058.046953
1832.272558,1,3059.693816
1732.868394,1,3061.484535
1732.868394,1,3063.752395
1832.272558,1,3065.877652
1832.272558,1,3067.507875
1732.868394,1,3069.213628
1732.868394,1,3070.757982
1732.868394,1,3072.298728
1832.272558,1,3073.869712
1732.868394,1,3075.344113
1732.868394,1,3076.84099
1832.272558,1,3078.339018
1832.272558,1,3079.964184
1732.868394,1,3081.43871
1832.272558,1,3082.912171
1732.868394,1,3084.41995
1732.868394,1,3085.89552
1732.868394,1,3087.570791
1732.868394,1,3089.061157
1732.868394,1,3090.55983
1732.868394,1,3092.043912
1732.868394,1,3093.595721
1832.272558,1,3095.063871
1732.868394,1,3096.548167
1832.272558,1,3098.022332
1732.868394,1,3099.499169
1732.868394,1,3101.032774
1732.868394,1,3102.508623
1732.868394,1,3103.985592
1832.272558,1,3105.446524
1832.272558,1,3106.92698
1832.272558,1,3108.502778
